No,m,r,Family,Order,Class,CenterSize,DerivedSize,Involutions,k,WignerS2,WignerS3,PcCode
1,8,2,R310,1024,2,4,4,431,325,332800,122945536,19380628975495993194709504
2,8,2,R310,1024,2,4,4,143,325,332800,122945536,20322062408332427164331794236096
3,8,2,R310,1024,2,4,4,335,325,332800,122945536,20322062408350891922804013269507
4,8,2,R310,1024,2,4,4,111,325,332800,122945536,21309226911879582887471738141007676099
5,8,2,R220,1024,2,4,4,399,289,295936,94633984,19361739509564514613854720
6,8,2,R220,1024,2,4,4,239,289,295936,94633984,20302255367703861079933408248368
7,8,2,R220,1024,2,4,4,143,289,295936,94633984,21288457724445443576957616155690795571
8,8,2,R211,1024,2,4,4,383,280,286720,87556096,58047365737232648204452352
9,8,2,R211,1024,2,4,4,191,280,286720,87556096,60867074575044131444772348887744
10,8,2,R211,1024,2,4,4,255,280,286720,87556096,63823753589601474896574214703195095792
11,8,2,R211,1024,2,4,4,255,280,286720,87556096,60867074575025666686300129853955
12,8,2,R211,1024,2,4,4,191,280,286720,87556096,63823753589601474915038973175414129347
13,8,2,R211,1024,2,4,4,383,280,286720,87556096,66924056243969956141149944961980168813937395
14,8,2,S1S1R1,1024,2,4,4,383,280,286720,87556096,39633461867660920192204015104
15,8,2,S1S1R1,1024,2,4,4,383,280,286720,87556096,41558696911344140359588110089061894
16,8,2,S1S1R1,1024,2,4,4,255,280,286720,87556096,42556105637216399727966278264532502023
17,8,2,S1S1R1,1024,2,4,4,191,280,286720,87556096,42556105637216399727948263866023020039
18,8,2,S1S1R1,1024,2,4,4,255,280,286720,87556096,41558696911344158806332183798613696
19,6,4,m6r4_polar1_q1,1024,2,16,16,431,220,225280,84410368,19380665976789056626888192
20,6,4,m6r4_polar1_q2,1024,2,16,16,431,220,225280,84410368,20809831636289485892934997557382670
21,6,4,m6r4_polar1_q3,1024,2,16,16,47,220,225280,84410368,21309267595560433554508990286634421775
22,6,4,m6r4_polar1_q4,1024,2,16,16,143,220,225280,84410368,20322101207295450139861826145840
23,6,4,m6r4_polar1_q5,1024,2,16,16,143,220,225280,84410368,21820690017834018777338859454536427245118
24,6,4,m6r4_polar1_q6,1024,2,16,16,15,220,225280,84410368,22344386578262035227994992224998089373519423
25,6,4,m6r4_polar2_q1,1024,2,16,16,351,160,163840,46661632,21841936795167114654402214740962999283201
26,6,4,m6r4_polar2_q2,1024,2,16,16,351,160,163840,46661632,21841936795167114654402178712165980319240
27,6,4,m6r4_polar2_q3,1024,2,16,16,95,160,163840,46661632,22902930716929152415854418982352708165654818329
28,6,4,m6r4_polar2_q4,1024,2,16,16,95,160,163840,46661632,24015463479434702923606943412323860815310517618093599
29,6,4,m6r4_polar2_q5,1024,2,16,16,351,160,163840,46661632,22902930716929152415854400129744236037474102822
30,6,4,m6r4_polar2_q6,1024,2,16,16,95,160,163840,46661632,23452601054135452073834905732858115707914482363943
31,6,4,m6r4_polar2_q7,1024,2,16,16,31,160,163840,46661632,24015463479434702923606943431685655592767634523041327
32,6,4,m6r4_polar3_q1,1024,2,16,16,351,160,163840,46661632,45694270489220670421633614332168175212108723718
33,6,4,m6r4_polar3_q2,1024,2,16,16,31,160,163840,46661632,49063849341445174997027726072985393101808833992229926431
34,6,4,m6r4_polar3_q3,1024,2,16,16,351,160,163840,46661632,47913915372505053708034888723806929550891728510400027
35,6,4,m6r4_polar3_q4,1024,2,16,16,95,160,163840,46661632,47913915372505053708034888723806948033664599238915613
36,6,4,m6r4_polar3_q5,1024,2,16,16,351,160,163840,46661632,47913915372505053708034888743149742520610607229842987
37,6,4,m6r4_polar3_q6,1024,2,16,16,95,160,163840,46661632,47913915372505053708034888743149779450127551667910187
38,6,4,m6r4_polar4_q1,1024,2,16,16,399,196,200704,67108864,21309226892091903998486711827514525184
39,6,4,m6r4_polar4_q2,1024,2,16,16,399,196,200704,67108864,22344343897602160327117276245243837981918726
40,6,4,m6r4_polar4_q3,1024,2,16,16,79,196,200704,67108864,22880608151144612174968090875273778846911170055
41,6,4,m6r4_polar4_q4,1024,2,16,16,399,196,200704,67108864,23429742746772082867167266914467463048771174401590
42,6,4,m6r4_polar4_q5,1024,2,16,16,79,196,200704,67108864,23992056572694612855979281320414682306030436013573687
43,6,4,m6r4_polar4_q6,1024,2,16,16,15,196,200704,67108864,24567865930439283564522784072027225687025544154401998399
44,6,4,m6r4_polar5_q1,1024,2,16,16,47,124,126976,29753344,81117024132355038623182977118820901591363378804250555484445630807567
45,6,4,m6r4_polar5_q2,1024,2,16,16,303,124,126976,29753344,81117024132355038623182977118820901591363398165897722960175840378391
46,6,4,m6r4_polar5_q3,1024,2,16,16,303,124,126976,29753344,81117024132355038623182977118820901591363378671968989760671455133241
47,7,3,m7r3_polar1_q1,1024,2,8,8,383,232,237568,74973184,19826402368111395694081738240
48,7,3,m7r3_polar1_q2,1024,2,8,8,383,232,237568,74973184,20789489689544811807570129187767814
49,7,3,m7r3_polar1_q3,1024,2,8,8,255,232,237568,74973184,20789489689544793306782859949770264
50,7,3,m7r3_polar1_q4,1024,2,8,8,255,232,237568,74973184,21799359940704121186490100407366710199838
51,7,3,m7r3_polar1_q5,1024,2,8,8,383,232,237568,74973184,20789489689544793324797258459252257
52,7,3,m7r3_polar1_q6,1024,2,8,8,63,232,237568,74973184,21799359940704121205416423798195691193895
53,7,3,m7r3_polar1_q7,1024,2,8,8,255,232,237568,74973184,21288437442093868346181668319178786341
54,7,3,m7r3_polar2_q1,1024,2,8,8,399,238,243712,79691776,19361739545311870948738560
55,7,3,m7r3_polar2_q2,1024,2,8,8,399,238,243712,79691776,20302255405501293448719123875334
56,7,3,m7r3_polar2_q3,1024,2,8,8,79,238,243712,79691776,20789509535233324562948426674734599
57,7,3,m7r3_polar2_q4,1024,2,8,8,239,238,243712,79691776,20302255405482792661449885877808
58,7,3,m7r3_polar2_q5,1024,2,8,8,239,238,243712,79691776,21288457764059524834125532308797654582
59,7,3,m7r3_polar2_q6,1024,2,8,8,47,238,243712,79691776,21799380750396953430144616544252624635447
60,7,3,m7r3_polar3_q1,1024,2,8,8,383,220,225280,67895296,19845745181225230301837411840
61,7,3,m7r3_polar3_q2,1024,2,8,8,127,220,225280,67895296,21309206629528026564608466397746447885
62,7,3,m7r3_polar3_q3,1024,2,8,8,191,220,225280,67895296,20809772099148444977207348161431088
63,7,3,m7r3_polar3_q4,1024,2,8,8,63,220,225280,67895296,22344322650763960156627481934551268565468733
64,7,3,m7r3_polar3_q5,1024,2,8,8,383,220,225280,67895296,20809772099148445031250543689877058
65,7,3,m7r3_polar3_q6,1024,2,8,8,95,220,225280,67895296,21309206629528007712072051863603660355
66,7,3,m7r3_polar3_q7,1024,2,8,8,191,220,225280,67895296,21309206629528007712018008668075214403
67,7,3,m7r3_polar3_q8,1024,2,8,8,127,220,225280,67895296,22344322650763960175970331941873482779870799
68,7,3,m7r3_polar3_q9,1024,2,8,8,31,220,225280,67895296,22344322650763960175970332013931076817798735
69,7,3,m7r3_polar3_q10,1024,2,8,8,63,220,225280,67895296,22344322650763960175970331959887881289352783
70,7,3,m7r3_polar4_q1,1024,2,8,8,383,208,212992,63963136,20322043065537813835509772867072
71,7,3,m7r3_polar4_q2,1024,2,8,8,383,208,212992,63963136,21309206629489378698865916598120633896
72,7,3,m7r3_polar4_q3,1024,2,8,8,127,208,212992,63963136,21820627588597123787638734624929263670828
73,7,3,m7r3_polar4_q4,1024,2,8,8,383,208,212992,63963136,21820627588597123787638770653726282634834
74,7,3,m7r3_polar4_q5,1024,2,8,8,63,208,212992,63963136,22344322650723454758542101221472964171552339
75,7,3,m7r3_polar4_q6,1024,2,8,8,127,208,212992,63963136,22344322650723454758542101185444167152588371
76,7,3,m7r3_polar5_q1,1024,2,8,8,351,196,200704,53739520,20322043065537813836059264423424
77,7,3,m7r3_polar5_q2,1024,2,8,8,159,196,200704,53739520,21820627588597123806528200556957336081933
78,7,3,m7r3_polar5_q3,1024,2,8,8,351,196,200704,53739520,21309206629489378717348690018340705810
79,7,3,m7r3_polar5_q4,1024,2,8,8,159,196,200704,53739520,22880586394340817692554114500458565756119946783
80,7,3,m7r3_polar5_q5,1024,2,8,8,351,196,200704,53739520,21309206629489378698865917147612190241
81,7,3,m7r3_polar5_q6,1024,2,8,8,159,196,200704,53739520,21820627588597123787638734625478755227180
82,7,3,m7r3_polar5_q7,1024,2,8,8,159,196,200704,53739520,22344322650723454758542101185444716644144691
83,7,3,m7r3_polar5_q8,1024,2,8,8,351,196,200704,53739520,22880586394340817672747073835035022007333819966
84,7,3,m7r3_polar5_q9,1024,2,8,8,159,196,200704,53739520,21820627588597123787620287881405045675569
85,7,3,m7r3_polar5_q10,1024,2,8,8,95,196,200704,53739520,22344322650723454758523174826025090644186684
86,7,3,m7r3_polar5_q11,1024,2,8,8,95,196,200704,53739520,22344322650723454758560990651376195224999475
87,7,3,m7r3_polar5_q12,1024,2,8,8,159,196,200704,53739520,22880586394340817672766416648148856074129118782
88,7,3,m7r3_polar5_q13,1024,2,8,8,351,196,200704,53739520,21309206629489378698901945944631154241
89,7,3,m7r3_polar5_q14,1024,2,8,8,159,196,200704,53739520,21820627588597123787620323910202064639555
90,7,3,m7r3_polar5_q15,1024,2,8,8,159,196,200704,53739520,22344322650723454758542064364014163262969421
91,7,3,m7r3_polar5_q16,1024,2,8,8,95,196,200704,53739520,22880586394340817672747073816624306730643232335
92,7,3,m7r3_polar5_q17,1024,2,8,8,63,196,200704,53739520,22344322650723454758542101221473513663108691
93,7,3,m7r3_polar5_q18,1024,2,8,8,63,196,200704,53739520,23429720467804997296893003607075970059427741963871
94,7,3,m7r3_polar6_q1,1024,2,8,8,367,202,206848,58458112,39672128622905148226054145536
95,7,3,m7r3_polar6_q2,1024,2,8,8,143,202,206848,58458112,41599241942891425626511211984078360
96,7,3,m7r3_polar6_q3,1024,2,8,8,111,202,206848,58458112,44666845920777562993248944874821659549255229
97,7,3,m7r3_polar6_q4,1024,2,8,8,367,202,206848,58458112,42597623749520800952153598125022398022
98,7,3,m7r3_polar6_q5,1024,2,8,8,79,202,206848,58458112,43619966719509300175005356528554842539591
99,7,3,m7r3_polar6_q6,1024,2,8,8,111,202,206848,58458112,43619966719509300175005302485359314093639
100,7,3,m7r3_polar6_q7,1024,2,8,8,143,202,206848,58458112,44666845920777523379167669331937586086692446
101,7,3,m7r3_polar6_q8,1024,2,8,8,47,202,206848,58458112,45738850222876183940267693395976136684680005215
102,7,3,m7r3_polar6_q9,1024,2,8,8,143,202,206848,58458112,45738850222876183940267693395922093489151559263
103,7,3,m7r3_polar6_q10,1024,2,8,8,367,202,206848,58458112,46836582628225212375116527603352338545837302892159
104,7,3,m7r3_polar6_q11,1024,2,8,8,79,202,206848,58458112,46836582628225212375116527603352410603431340820095
105,7,3,m7r3_polar6_q12,1024,2,8,8,111,202,206848,58458112,46836582628225212375116527603352356560235812374143
106,7,3,m7r3_polar7_q1,1024,2,8,8,335,178,182272,45088768,43577556018427015005837438216941655580161
107,7,3,m7r3_polar7_q2,1024,2,8,8,111,178,182272,45088768,47914029552320512720121099912793162922379127940210207
108,7,3,m7r3_polar7_q3,1024,2,8,8,335,178,182272,45088768,47914029552320512720121099912793162994436721978138143
109,7,3,m7r3_polar7_q4,1024,2,8,8,79,178,182272,45088768,47914029552320512720121099912755384008530569287982623
110,7,3,m7r3_polar7_q5,1024,2,8,8,335,178,182272,45088768,43577556018427015005837456231340165062176
111,7,3,m7r3_polar7_q6,1024,2,8,8,111,178,182272,45088768,44623417362869263365977555216358176333258288
112,7,3,m7r3_polar7_q7,1024,2,8,8,79,178,182272,45088768,49063966261576205025404026533688699506454553560978054719
113,7,3,m7r3_polar7_q8,1024,2,8,8,111,178,182272,45088768,49063966261576205025404026533688699506526611155015982655
114,7,3,m7r3_polar7_q9,1024,2,8,8,111,178,182272,45088768,49063966261576205025404026533688661727504676205306863167
115,7,3,m7r3_polar7_q10,1024,2,8,8,111,178,182272,45088768,49063966261576205025404026573302780763586722357750029887
116,7,3,m7r3_polar7_q11,1024,2,8,8,79,178,182272,45088768,49063966261576205025404026573302780763658779951787957823
117,7,3,m7r3_polar7_q12,1024,2,8,8,335,178,182272,45088768,49063966261576205025404026573302742984636845002078838335
118,7,3,m7r3_polar8_q1,1024,2,8,8,335,178,182272,45088768,21309206609759709341237942986582789632
119,7,3,m7r3_polar8_q2,1024,2,8,8,335,178,182272,45088768,22880586373156246509770741144356213572700999182
120,7,3,m7r3_polar8_q3,1024,2,8,8,111,178,182272,45088768,23429720446111996426005238931820833068832560254479
121,7,3,m7r3_polar8_q4,1024,2,8,8,79,178,182272,45088768,23429720446111996426005238931783903551888122187279
122,7,3,m7r3_polar8_q5,1024,2,8,8,335,178,182272,45088768,23992033736818684340229305245062610541113585860611694
123,7,3,m7r3_polar8_q6,1024,2,8,8,111,178,182272,45088768,24567842546502332764394808570944113194170682308003368559
124,7,3,m7r3_polar8_q7,1024,2,8,8,79,178,182272,45088768,24567842546502332764394808570944113157241165363565301359
125,7,3,m7r3_polar8_q8,1024,2,8,8,111,178,182272,45088768,25157470767618388750740283976607196477439459434235552861823
126,7,3,m7r3_polar8_q9,1024,2,8,8,335,178,182272,45088768,25157470767618388750740283976607196477402529917291114794623
