No,ParentOrder,ParentId,Step,Class,Exponent,CenterSize,DerivedLength,NrConjClasses,HasC2DirectFactor,Code,Order,DerivedSize,Involutions,m,r,IsSpecial,Source,SourceID,Family,WignerS2,WignerS3
1,64,267,4,2,4,32,2,304,true,38761331953577013742149120,1024,16,543,6,4,false,class2_padding,6249567,C2_direct_product,311296,161480704
2,64,267,4,2,4,32,2,304,true,42618535191082105777352632836166786590,1024,16,543,6,4,false,class2_padding,6249622,C2_direct_product,311296,161480704
3,64,267,4,2,4,32,2,304,true,43641380035668076316009384254610933292575,1024,16,31,6,4,false,class2_padding,6249623,C2_direct_product,311296,161480704
4,128,2328,3,2,4,32,2,256,true,39652804736222791370506765824,1024,8,447,7,3,false,class2_padding,7535895,C2_direct_product,262144,98566144
5,128,2328,3,2,4,32,2,256,true,41578979379089623615140240718824966,1024,8,447,7,3,false,class2_padding,7535943,C2_direct_product,262144,98566144
6,128,2328,3,2,4,32,2,256,true,41578979379089586649594499261793801,1024,8,447,7,3,false,class2_padding,7536102,C2_direct_product,262144,98566144
7,128,2328,3,2,4,32,2,256,true,43598719881408242410832847596373725677071,1024,8,63,7,3,false,class2_padding,7536155,C2_direct_product,262144,98566144
8,128,2328,3,2,4,32,2,256,true,42576874884187736692363336620700861965,1024,8,191,7,3,false,class2_padding,7536284,C2_direct_product,262144,98566144
9,128,2328,3,2,4,32,2,280,true,40604472012039563639273599272448,1024,8,479,7,3,false,class2_padding,7536911,C2_direct_product,286720,117440512
10,128,2328,3,2,4,32,2,280,true,42576874844496397556536966178279785990,1024,8,479,7,3,false,class2_padding,7536940,C2_direct_product,286720,117440512
11,128,2328,3,2,4,32,2,280,true,43598719840764311097893997472889078810119,1024,8,95,7,3,false,class2_padding,7536941,C2_direct_product,286720,117440512
12,128,2328,3,2,4,32,2,280,true,44645089116942654525444379744536908889589278,1024,8,159,7,3,false,class2_padding,7537438,C2_direct_product,286720,117440512
13,128,2328,3,2,4,32,2,280,true,44645089116942654525444453675628391803651614,1024,8,159,7,3,false,class2_padding,7537457,C2_direct_product,286720,117440512
14,128,2328,3,2,4,32,2,280,true,45716571255749278234055120563987579537517184543,1024,8,31,7,3,false,class2_padding,7537458,C2_direct_product,286720,117440512
15,128,2328,3,2,4,16,2,256,true,41578979340290660591883244233041408,1024,8,447,7,3,false,class2_padding,7538135,C2_direct_product,262144,98566144
16,128,2328,3,2,4,16,2,256,true,45716571255707658848390595402128381273137489438,1024,8,191,7,3,false,class2_padding,7538394,C2_direct_product,262144,98566144
17,128,2328,3,2,4,16,2,256,true,44645089116902010594131477823930360090863142,1024,8,447,7,3,false,class2_padding,7538415,C2_direct_product,262144,98566144
18,128,2328,3,2,4,16,2,256,true,45716571255707658848390633291848795063613400615,1024,8,63,7,3,false,class2_padding,7538416,C2_direct_product,262144,98566144
19,128,2328,3,2,4,16,2,256,true,45716571255707658848390633291740708672556508711,1024,8,191,7,3,false,class2_padding,7538445,C2_direct_product,262144,98566144
20,128,2328,3,2,4,64,2,352,true,37852862954440075775488,1024,8,575,7,3,false,class2_padding,7540510,C2_direct_product,360448,192937984
21,128,2328,3,2,4,64,2,352,true,40644202150175378812462484688398,1024,8,575,7,3,false,class2_padding,7540544,C2_direct_product,360448,192937984
22,128,2328,3,2,4,64,2,352,true,41619663001779588048076772393094671,1024,8,63,7,3,false,class2_padding,7540545,C2_direct_product,360448,192937984
23,128,2328,3,2,4,16,2,232,true,40644086093296695808061914490368,1024,8,415,7,3,false,class2_padding,7577399,C2_direct_product,237568,79691776
24,128,2328,3,2,4,16,2,232,true,44688645259908534648805470662179920944571931,1024,8,415,7,3,false,class2_padding,7579142,C2_direct_product,237568,79691776
25,128,2328,3,2,4,16,2,232,true,45761172746146339480376839700182671244786935327,1024,8,95,7,3,false,class2_padding,7579170,C2_direct_product,237568,79691776
26,128,2328,3,2,4,16,2,232,true,45761172746146339480376801921250808287625225759,1024,8,159,7,3,false,class2_padding,7579560,C2_direct_product,237568,79691776
27,128,2328,3,2,4,16,2,232,true,45761172746146339480338154221528955700872750651,1024,8,415,7,3,false,class2_padding,7579947,C2_direct_product,237568,79691776
28,128,2328,3,2,4,16,2,232,true,45761172746146339480338154221673070888948606523,1024,8,95,7,3,false,class2_padding,7579948,C2_direct_product,237568,79691776
29,128,2328,3,2,4,16,2,232,true,46859440892053851627866269809619751685840347342399,1024,8,31,7,3,false,class2_padding,7579952,C2_direct_product,237568,79691776
30,128,2328,3,2,4,16,2,232,true,45761172746146339480338154221564984497891714619,1024,8,159,7,3,false,class2_padding,7579957,C2_direct_product,237568,79691776
31,128,2328,3,2,4,16,2,250,true,41579018954371917724052582306153984,1024,8,431,7,3,false,class2_padding,7606661,C2_direct_product,256000,89915392
32,128,2328,3,2,4,16,2,250,true,43598761379099487999563301938251383965187,1024,8,143,7,3,false,class2_padding,7606662,C2_direct_product,256000,89915392
33,128,2328,3,2,4,16,2,250,true,45716614811850624728552642230098272598874129935,1024,8,47,7,3,false,class2_padding,7606711,C2_direct_product,256000,89915392
34,128,2328,3,2,4,16,2,250,true,47937345092951080675326210868294560671634944835192383,1024,8,15,7,3,false,class2_padding,7607280,C2_direct_product,256000,89915392
35,128,2328,3,2,4,16,2,208,true,42659951594232879314444646897569502721,1024,8,383,7,3,false,class2_padding,7640345,C2_direct_product,212992,63963136
36,128,2328,3,2,4,16,2,208,true,43683790432494468417991462538090870216210,1024,8,383,7,3,false,class2_padding,7640799,C2_direct_product,212992,63963136
37,128,2328,3,2,4,16,2,208,true,45805774236543319715863740412123243011369080343,1024,8,127,7,3,false,class2_padding,7640967,C2_direct_product,212992,63963136
38,128,2328,3,2,4,16,2,208,true,43683790432494468417954533021146432149016,1024,8,383,7,3,false,class2_padding,7644607,C2_direct_product,212992,63963136
39,128,2328,3,2,4,16,2,208,true,45805774236543319715825092491040461540101985821,1024,8,127,7,3,false,class2_padding,7644708,C2_direct_product,212992,63963136
40,128,2328,3,2,4,16,2,208,true,45805774236543319715825092454146973392682882589,1024,8,127,7,3,false,class2_padding,7645035,C2_direct_product,212992,63963136
41,128,2328,3,2,4,16,2,208,true,43683790432494468417954569049943451112993,1024,8,383,7,3,false,class2_padding,7645152,C2_direct_product,212992,63963136
42,128,2328,3,2,4,16,2,208,true,45805774236543319715825054786039690065854338611,1024,8,63,7,3,false,class2_padding,7645402,C2_direct_product,212992,63963136
43,128,2328,3,2,4,16,2,208,true,44732201402874335659985368170792631381792291,1024,8,127,7,3,false,class2_padding,7645737,C2_direct_product,212992,63963136
44,128,2328,3,2,4,16,2,208,true,45805774236543319715825016970214338961273525817,1024,8,127,7,3,false,class2_padding,7646520,C2_direct_product,212992,63963136
45,128,2328,3,2,4,16,2,208,true,46905112818220359389004817377352053258734113396285,1024,8,127,7,3,false,class2_padding,7646542,C2_direct_product,212992,63963136
46,128,2328,3,2,4,16,2,208,true,46905112818220359389004817377315231828180732220987,1024,8,383,7,3,false,class2_padding,7646585,C2_direct_product,212992,63963136
47,128,2328,3,2,4,16,2,184,true,234068934032033533327162138611908128213830387645955,1024,8,351,7,3,false,class2_padding,8840079,C2_direct_product,188416,49807360
48,128,2328,3,2,4,16,2,184,true,251329604169291360503871863456693030063670165107610759216687,1024,8,95,7,3,false,class2_padding,8840080,C2_direct_product,188416,49807360
49,128,2328,3,2,4,16,2,184,true,239686588448802338127014029938518513037208725315403271,1024,8,351,7,3,false,class2_padding,8840081,C2_direct_product,188416,49807360
50,128,2328,3,2,4,16,2,184,true,239686497194327167651818885130847717996584224258014723,1024,8,351,7,3,false,class2_padding,8841562,C2_direct_product,188416,49807360
51,128,2328,3,2,4,16,2,184,true,251329508482038804147673639294963583431376450892334853013015,1024,8,351,7,3,false,class2_padding,8841573,C2_direct_product,188416,49807360
52,128,2328,3,2,4,16,2,184,true,257361416685607735447217806638042709433616149170354464474545711,1024,8,95,7,3,false,class2_padding,8841813,C2_direct_product,188416,49807360
53,128,2328,3,2,4,16,2,184,true,239686497194327167651818885130847644317694320476700169,1024,8,351,7,3,false,class2_padding,8841816,C2_direct_product,188416,49807360
54,128,2328,3,2,4,16,2,184,true,263538090686062321097951033997355734499714426928425981256209808959,1024,8,95,7,3,false,class2_padding,8841960,C2_direct_product,188416,49807360
55,256,56092,2,2,4,128,2,448,true,36965545741457032704,1024,4,639,8,2,false,class2_padding,10493082,C2_direct_product,458752,268435456
56,256,56092,2,2,4,128,2,448,true,38761221056939789371049478,1024,4,639,8,2,false,class2_padding,10493091,C2_direct_product,458752,268435456
57,256,56092,2,2,4,128,2,448,true,39691490362378401909991015943,1024,4,127,8,2,false,class2_padding,10493092,C2_direct_product,458752,268435456
58,256,56092,2,2,4,64,2,400,true,37815897408698685851136,1024,4,575,8,2,false,class2_padding,10493114,C2_direct_product,409600,205520896
59,256,56092,2,2,4,64,2,400,true,39652842515082596733629236739,1024,4,191,8,2,false,class2_padding,10493115,C2_direct_product,409600,205520896
60,256,56092,2,2,4,64,2,400,true,41579018954371917688023235394799119,1024,4,63,8,2,false,class2_padding,10493131,C2_direct_product,409600,205520896
61,256,56092,2,2,4,32,2,352,true,38723442125076832276452864,1024,4,511,8,2,false,class2_padding,10493137,C2_direct_product,360448,155189248
62,256,56092,2,2,4,32,2,352,true,40604472049781493927683693745676,1024,4,255,8,2,false,class2_padding,10493156,C2_direct_product,360448,155189248
63,256,56092,2,2,4,32,2,352,true,40604472049781529956480712709650,1024,4,511,8,2,false,class2_padding,10493169,C2_direct_product,360448,155189248
64,256,56092,2,2,4,32,2,352,true,41578979378976286747493775194461715,1024,4,127,8,2,false,class2_padding,10493170,C2_direct_product,360448,155189248
65,256,56092,2,2,4,32,2,352,true,41578979378976286711464978175497747,1024,4,255,8,2,false,class2_padding,10493176,C2_direct_product,360448,155189248
66,256,56092,2,2,4,16,2,340,true,38723442125076841067709952,1024,4,479,8,2,false,class2_padding,10493220,C2_direct_product,348160,139460608
67,256,56092,2,2,4,16,2,340,true,40604472049818423444636923069955,1024,4,159,8,2,false,class2_padding,10493221,C2_direct_product,348160,139460608
68,256,56092,2,2,4,16,2,340,true,40604472049781493927692485002776,1024,4,287,8,2,false,class2_padding,10493237,C2_direct_product,348160,139460608
69,256,56092,2,2,4,16,2,340,true,42576874884071679850573820376138122779,1024,4,95,8,2,false,class2_padding,10493238,C2_direct_product,348160,139460608
70,256,56092,2,2,4,8,2,328,true,39652804699257245637839701504,1024,4,447,8,2,false,class2_padding,10493262,C2_direct_product,335872,126877696
71,256,56092,2,2,4,8,2,328,true,41578979340328402522171663118779928,1024,4,319,8,2,false,class2_padding,10493279,C2_direct_product,335872,126877696
72,256,56092,2,2,4,8,2,328,true,41578979340328402558200460137743938,1024,4,447,8,2,false,class2_padding,10493293,C2_direct_product,335872,126877696
73,256,56092,2,2,4,8,2,328,true,42576874844496284219669319712956761667,1024,4,127,8,2,false,class2_padding,10493294,C2_direct_product,335872,126877696
74,256,56092,2,2,4,8,2,328,true,42576874844496284219633290915937797699,1024,4,319,8,2,false,class2_padding,10493299,C2_direct_product,335872,126877696
75,256,56092,2,2,4,16,2,304,true,40644086131038662125277418892800,1024,4,447,8,2,false,class2_padding,10493360,C2_direct_product,311296,111149056
76,256,56092,2,2,4,16,2,304,true,42618413258939996213640439147657440788,1024,4,447,8,2,false,class2_padding,10493377,C2_direct_product,311296,111149056
77,256,56092,2,2,4,16,2,304,true,43641255177154556122767881744793904360982,1024,4,191,8,2,false,class2_padding,10493378,C2_direct_product,311296,111149056
78,256,56092,2,2,4,16,2,304,true,39730213730644445403080297984,1024,4,447,8,2,false,class2_padding,10493526,C2_direct_product,311296,111149056
79,256,56092,2,2,4,16,2,304,true,43683831970869336621054554999102695017999,1024,4,191,8,2,false,class2_padding,10493531,C2_direct_product,311296,111149056
80,256,56092,2,2,4,16,2,304,true,43683831970869336583238693619201095241231,1024,4,191,8,2,false,class2_padding,10493555,C2_direct_product,311296,111149056
81,256,56092,2,2,4,16,2,304,true,45805817792686244912325574759687284345996054079,1024,4,447,8,2,false,class2_padding,10493560,C2_direct_product,311296,111149056
82,256,56092,2,2,4,8,2,292,true,40644086131038662125827173666304,1024,4,415,8,2,false,class2_padding,10493668,C2_direct_product,299008,98566144
83,256,56092,2,2,4,8,2,292,true,42618413258939996250533927844831317510,1024,4,223,8,2,false,class2_padding,10493669,C2_direct_product,299008,98566144
84,256,56092,2,2,4,8,2,292,true,44688645301406265469676532046864143343701558,1024,4,159,8,2,false,class2_padding,10493714,C2_direct_product,299008,98566144
85,256,56092,2,2,4,8,2,292,true,43641255177154556122767845716546640170572,1024,4,415,8,2,false,class2_padding,10493750,C2_direct_product,299008,98566144
86,256,56092,2,2,4,8,2,292,true,44688645301406265469714274085238953086307917,1024,4,223,8,2,false,class2_padding,10493751,C2_direct_product,299008,98566144
87,256,56092,2,2,4,8,2,292,true,44688645301406265469714274121267750105271885,1024,4,159,8,2,false,class2_padding,10493754,C2_direct_product,299008,98566144
88,512,10494213,1,2,4,256,2,640,true,36028797018964480,1024,2,767,9,1,false,class2_padding,10494202,C2_direct_product,655360,469762048
89,512,10494213,1,2,4,256,2,640,true,37815861379901599777283,1024,2,255,9,1,false,class2_padding,10494203,C2_direct_product,655360,469762048
90,512,10494213,1,2,4,64,2,544,true,37815861379901600041472,1024,2,639,9,1,false,class2_padding,10494205,C2_direct_product,557056,318767104
91,512,10494213,1,2,4,64,2,544,true,39652804699221216831962614278,1024,2,383,9,1,false,class2_padding,10494206,C2_direct_product,557056,318767104
92,512,10494213,1,2,4,16,2,520,true,37815861380451422700032,1024,2,575,9,1,false,class2_padding,10494208,C2_direct_product,532480,281018368
93,512,10494213,1,2,4,16,2,520,true,39652804699221217381785272835,1024,2,447,9,1,false,class2_padding,10494209,C2_direct_product,532480,281018368
94,512,10494213,1,2,4,4,2,514,true,38723442089330059990008320,1024,2,543,9,1,false,class2_padding,10494211,C2_direct_product,526336,271581184
95,512,10494213,1,2,4,4,2,514,true,40604472012002562346751264555523,1024,2,479,9,1,false,class2_padding,10494212,C2_direct_product,526336,271581184
96,256,56092,2,2,4,4,2,325,false,19380628975495993194709504,1024,4,431,8,2,true,class2_special,1,R310,332800,122945536
97,256,56092,2,2,4,4,2,325,false,20322062408332427164331794236096,1024,4,143,8,2,true,class2_special,2,R310,332800,122945536
98,256,56092,2,2,4,4,2,325,false,20322062408350891922804013269507,1024,4,335,8,2,true,class2_special,3,R310,332800,122945536
99,256,56092,2,2,4,4,2,325,false,21309226911879582887471738141007676099,1024,4,111,8,2,true,class2_special,4,R310,332800,122945536
100,256,56092,2,2,4,4,2,289,false,19361739509564514613854720,1024,4,399,8,2,true,class2_special,5,R220,295936,94633984
101,256,56092,2,2,4,4,2,289,false,20302255367703861079933408248368,1024,4,239,8,2,true,class2_special,6,R220,295936,94633984
102,256,56092,2,2,4,4,2,289,false,21288457724445443576957616155690795571,1024,4,143,8,2,true,class2_special,7,R220,295936,94633984
103,256,56092,2,2,4,4,2,280,false,58047365737232648204452352,1024,4,383,8,2,true,class2_special,8,R211,286720,87556096
104,256,56092,2,2,4,4,2,280,false,60867074575044131444772348887744,1024,4,191,8,2,true,class2_special,9,R211,286720,87556096
105,256,56092,2,2,4,4,2,280,false,63823753589601474896574214703195095792,1024,4,255,8,2,true,class2_special,10,R211,286720,87556096
106,256,56092,2,2,4,4,2,280,false,60867074575025666686300129853955,1024,4,255,8,2,true,class2_special,11,R211,286720,87556096
107,256,56092,2,2,4,4,2,280,false,63823753589601474915038973175414129347,1024,4,191,8,2,true,class2_special,12,R211,286720,87556096
108,256,56092,2,2,4,4,2,280,false,66924056243969956141149944961980168813937395,1024,4,383,8,2,true,class2_special,13,R211,286720,87556096
109,256,56092,2,2,4,4,2,280,false,39633461867660920192204015104,1024,4,383,8,2,true,class2_special,14,S1S1R1,286720,87556096
110,256,56092,2,2,4,4,2,280,false,41558696911344140359588110089061894,1024,4,383,8,2,true,class2_special,15,S1S1R1,286720,87556096
111,256,56092,2,2,4,4,2,280,false,42556105637216399727966278264532502023,1024,4,255,8,2,true,class2_special,16,S1S1R1,286720,87556096
112,256,56092,2,2,4,4,2,280,false,42556105637216399727948263866023020039,1024,4,191,8,2,true,class2_special,17,S1S1R1,286720,87556096
113,256,56092,2,2,4,4,2,280,false,41558696911344158806332183798613696,1024,4,255,8,2,true,class2_special,18,S1S1R1,286720,87556096
114,64,267,4,2,4,16,2,220,false,19380665976789056626888192,1024,16,431,6,4,true,class2_special,19,m6r4_polar1_q1,225280,84410368
115,64,267,4,2,4,16,2,220,false,20809831636289485892934997557382670,1024,16,431,6,4,true,class2_special,20,m6r4_polar1_q2,225280,84410368
116,64,267,4,2,4,16,2,220,false,21309267595560433554508990286634421775,1024,16,47,6,4,true,class2_special,21,m6r4_polar1_q3,225280,84410368
117,64,267,4,2,4,16,2,220,false,20322101207295450139861826145840,1024,16,143,6,4,true,class2_special,22,m6r4_polar1_q4,225280,84410368
118,64,267,4,2,4,16,2,220,false,21820690017834018777338859454536427245118,1024,16,143,6,4,true,class2_special,23,m6r4_polar1_q5,225280,84410368
119,64,267,4,2,4,16,2,220,false,22344386578262035227994992224998089373519423,1024,16,15,6,4,true,class2_special,24,m6r4_polar1_q6,225280,84410368
120,64,267,4,2,4,16,2,160,false,21841936795167114654402214740962999283201,1024,16,351,6,4,true,class2_special,25,m6r4_polar2_q1,163840,46661632
121,64,267,4,2,4,16,2,160,false,21841936795167114654402178712165980319240,1024,16,351,6,4,true,class2_special,26,m6r4_polar2_q2,163840,46661632
122,64,267,4,2,4,16,2,160,false,22902930716929152415854418982352708165654818329,1024,16,95,6,4,true,class2_special,27,m6r4_polar2_q3,163840,46661632
123,64,267,4,2,4,16,2,160,false,24015463479434702923606943412323860815310517618093599,1024,16,95,6,4,true,class2_special,28,m6r4_polar2_q4,163840,46661632
124,64,267,4,2,4,16,2,160,false,22902930716929152415854400129744236037474102822,1024,16,351,6,4,true,class2_special,29,m6r4_polar2_q5,163840,46661632
125,64,267,4,2,4,16,2,160,false,23452601054135452073834905732858115707914482363943,1024,16,95,6,4,true,class2_special,30,m6r4_polar2_q6,163840,46661632
126,64,267,4,2,4,16,2,160,false,24015463479434702923606943431685655592767634523041327,1024,16,31,6,4,true,class2_special,31,m6r4_polar2_q7,163840,46661632
127,64,267,4,2,4,16,2,160,false,45694270489220670421633614332168175212108723718,1024,16,351,6,4,true,class2_special,32,m6r4_polar3_q1,163840,46661632
128,64,267,4,2,4,16,2,160,false,49063849341445174997027726072985393101808833992229926431,1024,16,31,6,4,true,class2_special,33,m6r4_polar3_q2,163840,46661632
129,64,267,4,2,4,16,2,160,false,47913915372505053708034888723806929550891728510400027,1024,16,351,6,4,true,class2_special,34,m6r4_polar3_q3,163840,46661632
130,64,267,4,2,4,16,2,160,false,47913915372505053708034888723806948033664599238915613,1024,16,95,6,4,true,class2_special,35,m6r4_polar3_q4,163840,46661632
131,64,267,4,2,4,16,2,160,false,47913915372505053708034888743149742520610607229842987,1024,16,351,6,4,true,class2_special,36,m6r4_polar3_q5,163840,46661632
132,64,267,4,2,4,16,2,160,false,47913915372505053708034888743149779450127551667910187,1024,16,95,6,4,true,class2_special,37,m6r4_polar3_q6,163840,46661632
133,64,267,4,2,4,16,2,196,false,21309226892091903998486711827514525184,1024,16,399,6,4,true,class2_special,38,m6r4_polar4_q1,200704,67108864
134,64,267,4,2,4,16,2,196,false,22344343897602160327117276245243837981918726,1024,16,399,6,4,true,class2_special,39,m6r4_polar4_q2,200704,67108864
135,64,267,4,2,4,16,2,196,false,22880608151144612174968090875273778846911170055,1024,16,79,6,4,true,class2_special,40,m6r4_polar4_q3,200704,67108864
136,64,267,4,2,4,16,2,196,false,23429742746772082867167266914467463048771174401590,1024,16,399,6,4,true,class2_special,41,m6r4_polar4_q4,200704,67108864
137,64,267,4,2,4,16,2,196,false,23992056572694612855979281320414682306030436013573687,1024,16,79,6,4,true,class2_special,42,m6r4_polar4_q5,200704,67108864
138,64,267,4,2,4,16,2,196,false,24567865930439283564522784072027225687025544154401998399,1024,16,15,6,4,true,class2_special,43,m6r4_polar4_q6,200704,67108864
139,64,267,4,2,4,16,2,124,false,81117024132355038623182977118820901591363378804250555484445630807567,1024,16,47,6,4,true,class2_special,44,m6r4_polar5_q1,126976,29753344
140,64,267,4,2,4,16,2,124,false,81117024132355038623182977118820901591363398165897722960175840378391,1024,16,303,6,4,true,class2_special,45,m6r4_polar5_q2,126976,29753344
141,64,267,4,2,4,16,2,124,false,81117024132355038623182977118820901591363378671968989760671455133241,1024,16,303,6,4,true,class2_special,46,m6r4_polar5_q3,126976,29753344
142,128,2328,3,2,4,8,2,232,false,19826402368111395694081738240,1024,8,383,7,3,true,class2_special,47,m7r3_polar1_q1,237568,74973184
143,128,2328,3,2,4,8,2,232,false,20789489689544811807570129187767814,1024,8,383,7,3,true,class2_special,48,m7r3_polar1_q2,237568,74973184
144,128,2328,3,2,4,8,2,232,false,20789489689544793306782859949770264,1024,8,255,7,3,true,class2_special,49,m7r3_polar1_q3,237568,74973184
145,128,2328,3,2,4,8,2,232,false,21799359940704121186490100407366710199838,1024,8,255,7,3,true,class2_special,50,m7r3_polar1_q4,237568,74973184
146,128,2328,3,2,4,8,2,232,false,20789489689544793324797258459252257,1024,8,383,7,3,true,class2_special,51,m7r3_polar1_q5,237568,74973184
147,128,2328,3,2,4,8,2,232,false,21799359940704121205416423798195691193895,1024,8,63,7,3,true,class2_special,52,m7r3_polar1_q6,237568,74973184
148,128,2328,3,2,4,8,2,232,false,21288437442093868346181668319178786341,1024,8,255,7,3,true,class2_special,53,m7r3_polar1_q7,237568,74973184
149,128,2328,3,2,4,8,2,238,false,19361739545311870948738560,1024,8,399,7,3,true,class2_special,54,m7r3_polar2_q1,243712,79691776
150,128,2328,3,2,4,8,2,238,false,20302255405501293448719123875334,1024,8,399,7,3,true,class2_special,55,m7r3_polar2_q2,243712,79691776
151,128,2328,3,2,4,8,2,238,false,20789509535233324562948426674734599,1024,8,79,7,3,true,class2_special,56,m7r3_polar2_q3,243712,79691776
152,128,2328,3,2,4,8,2,238,false,20302255405482792661449885877808,1024,8,239,7,3,true,class2_special,57,m7r3_polar2_q4,243712,79691776
153,128,2328,3,2,4,8,2,238,false,21288457764059524834125532308797654582,1024,8,239,7,3,true,class2_special,58,m7r3_polar2_q5,243712,79691776
154,128,2328,3,2,4,8,2,238,false,21799380750396953430144616544252624635447,1024,8,47,7,3,true,class2_special,59,m7r3_polar2_q6,243712,79691776
155,128,2328,3,2,4,8,2,220,false,19845745181225230301837411840,1024,8,383,7,3,true,class2_special,60,m7r3_polar3_q1,225280,67895296
156,128,2328,3,2,4,8,2,220,false,21309206629528026564608466397746447885,1024,8,127,7,3,true,class2_special,61,m7r3_polar3_q2,225280,67895296
157,128,2328,3,2,4,8,2,220,false,20809772099148444977207348161431088,1024,8,191,7,3,true,class2_special,62,m7r3_polar3_q3,225280,67895296
158,128,2328,3,2,4,8,2,220,false,22344322650763960156627481934551268565468733,1024,8,63,7,3,true,class2_special,63,m7r3_polar3_q4,225280,67895296
159,128,2328,3,2,4,8,2,220,false,20809772099148445031250543689877058,1024,8,383,7,3,true,class2_special,64,m7r3_polar3_q5,225280,67895296
160,128,2328,3,2,4,8,2,220,false,21309206629528007712072051863603660355,1024,8,95,7,3,true,class2_special,65,m7r3_polar3_q6,225280,67895296
161,128,2328,3,2,4,8,2,220,false,21309206629528007712018008668075214403,1024,8,191,7,3,true,class2_special,66,m7r3_polar3_q7,225280,67895296
162,128,2328,3,2,4,8,2,220,false,22344322650763960175970331941873482779870799,1024,8,127,7,3,true,class2_special,67,m7r3_polar3_q8,225280,67895296
163,128,2328,3,2,4,8,2,220,false,22344322650763960175970332013931076817798735,1024,8,31,7,3,true,class2_special,68,m7r3_polar3_q9,225280,67895296
164,128,2328,3,2,4,8,2,220,false,22344322650763960175970331959887881289352783,1024,8,63,7,3,true,class2_special,69,m7r3_polar3_q10,225280,67895296
165,128,2328,3,2,4,8,2,208,false,20322043065537813835509772867072,1024,8,383,7,3,true,class2_special,70,m7r3_polar4_q1,212992,63963136
166,128,2328,3,2,4,8,2,208,false,21309206629489378698865916598120633896,1024,8,383,7,3,true,class2_special,71,m7r3_polar4_q2,212992,63963136
167,128,2328,3,2,4,8,2,208,false,21820627588597123787638734624929263670828,1024,8,127,7,3,true,class2_special,72,m7r3_polar4_q3,212992,63963136
168,128,2328,3,2,4,8,2,208,false,21820627588597123787638770653726282634834,1024,8,383,7,3,true,class2_special,73,m7r3_polar4_q4,212992,63963136
169,128,2328,3,2,4,8,2,208,false,22344322650723454758542101221472964171552339,1024,8,63,7,3,true,class2_special,74,m7r3_polar4_q5,212992,63963136
170,128,2328,3,2,4,8,2,208,false,22344322650723454758542101185444167152588371,1024,8,127,7,3,true,class2_special,75,m7r3_polar4_q6,212992,63963136
171,128,2328,3,2,4,8,2,196,false,20322043065537813836059264423424,1024,8,351,7,3,true,class2_special,76,m7r3_polar5_q1,200704,53739520
172,128,2328,3,2,4,8,2,196,false,21820627588597123806528200556957336081933,1024,8,159,7,3,true,class2_special,77,m7r3_polar5_q2,200704,53739520
173,128,2328,3,2,4,8,2,196,false,21309206629489378717348690018340705810,1024,8,351,7,3,true,class2_special,78,m7r3_polar5_q3,200704,53739520
174,128,2328,3,2,4,8,2,196,false,22880586394340817692554114500458565756119946783,1024,8,159,7,3,true,class2_special,79,m7r3_polar5_q4,200704,53739520
175,128,2328,3,2,4,8,2,196,false,21309206629489378698865917147612190241,1024,8,351,7,3,true,class2_special,80,m7r3_polar5_q5,200704,53739520
176,128,2328,3,2,4,8,2,196,false,21820627588597123787638734625478755227180,1024,8,159,7,3,true,class2_special,81,m7r3_polar5_q6,200704,53739520
177,128,2328,3,2,4,8,2,196,false,22344322650723454758542101185444716644144691,1024,8,159,7,3,true,class2_special,82,m7r3_polar5_q7,200704,53739520
178,128,2328,3,2,4,8,2,196,false,22880586394340817672747073835035022007333819966,1024,8,351,7,3,true,class2_special,83,m7r3_polar5_q8,200704,53739520
179,128,2328,3,2,4,8,2,196,false,21820627588597123787620287881405045675569,1024,8,159,7,3,true,class2_special,84,m7r3_polar5_q9,200704,53739520
180,128,2328,3,2,4,8,2,196,false,22344322650723454758523174826025090644186684,1024,8,95,7,3,true,class2_special,85,m7r3_polar5_q10,200704,53739520
181,128,2328,3,2,4,8,2,196,false,22344322650723454758560990651376195224999475,1024,8,95,7,3,true,class2_special,86,m7r3_polar5_q11,200704,53739520
182,128,2328,3,2,4,8,2,196,false,22880586394340817672766416648148856074129118782,1024,8,159,7,3,true,class2_special,87,m7r3_polar5_q12,200704,53739520
183,128,2328,3,2,4,8,2,196,false,21309206629489378698901945944631154241,1024,8,351,7,3,true,class2_special,88,m7r3_polar5_q13,200704,53739520
184,128,2328,3,2,4,8,2,196,false,21820627588597123787620323910202064639555,1024,8,159,7,3,true,class2_special,89,m7r3_polar5_q14,200704,53739520
185,128,2328,3,2,4,8,2,196,false,22344322650723454758542064364014163262969421,1024,8,159,7,3,true,class2_special,90,m7r3_polar5_q15,200704,53739520
186,128,2328,3,2,4,8,2,196,false,22880586394340817672747073816624306730643232335,1024,8,95,7,3,true,class2_special,91,m7r3_polar5_q16,200704,53739520
187,128,2328,3,2,4,8,2,196,false,22344322650723454758542101221473513663108691,1024,8,63,7,3,true,class2_special,92,m7r3_polar5_q17,200704,53739520
188,128,2328,3,2,4,8,2,196,false,23429720467804997296893003607075970059427741963871,1024,8,63,7,3,true,class2_special,93,m7r3_polar5_q18,200704,53739520
189,128,2328,3,2,4,8,2,202,false,39672128622905148226054145536,1024,8,367,7,3,true,class2_special,94,m7r3_polar6_q1,206848,58458112
190,128,2328,3,2,4,8,2,202,false,41599241942891425626511211984078360,1024,8,143,7,3,true,class2_special,95,m7r3_polar6_q2,206848,58458112
191,128,2328,3,2,4,8,2,202,false,44666845920777562993248944874821659549255229,1024,8,111,7,3,true,class2_special,96,m7r3_polar6_q3,206848,58458112
192,128,2328,3,2,4,8,2,202,false,42597623749520800952153598125022398022,1024,8,367,7,3,true,class2_special,97,m7r3_polar6_q4,206848,58458112
193,128,2328,3,2,4,8,2,202,false,43619966719509300175005356528554842539591,1024,8,79,7,3,true,class2_special,98,m7r3_polar6_q5,206848,58458112
194,128,2328,3,2,4,8,2,202,false,43619966719509300175005302485359314093639,1024,8,111,7,3,true,class2_special,99,m7r3_polar6_q6,206848,58458112
195,128,2328,3,2,4,8,2,202,false,44666845920777523379167669331937586086692446,1024,8,143,7,3,true,class2_special,100,m7r3_polar6_q7,206848,58458112
196,128,2328,3,2,4,8,2,202,false,45738850222876183940267693395976136684680005215,1024,8,47,7,3,true,class2_special,101,m7r3_polar6_q8,206848,58458112
197,128,2328,3,2,4,8,2,202,false,45738850222876183940267693395922093489151559263,1024,8,143,7,3,true,class2_special,102,m7r3_polar6_q9,206848,58458112
198,128,2328,3,2,4,8,2,202,false,46836582628225212375116527603352338545837302892159,1024,8,367,7,3,true,class2_special,103,m7r3_polar6_q10,206848,58458112
199,128,2328,3,2,4,8,2,202,false,46836582628225212375116527603352410603431340820095,1024,8,79,7,3,true,class2_special,104,m7r3_polar6_q11,206848,58458112
200,128,2328,3,2,4,8,2,202,false,46836582628225212375116527603352356560235812374143,1024,8,111,7,3,true,class2_special,105,m7r3_polar6_q12,206848,58458112
201,128,2328,3,2,4,8,2,178,false,43577556018427015005837438216941655580161,1024,8,335,7,3,true,class2_special,106,m7r3_polar7_q1,182272,45088768
202,128,2328,3,2,4,8,2,178,false,47914029552320512720121099912793162922379127940210207,1024,8,111,7,3,true,class2_special,107,m7r3_polar7_q2,182272,45088768
203,128,2328,3,2,4,8,2,178,false,47914029552320512720121099912793162994436721978138143,1024,8,335,7,3,true,class2_special,108,m7r3_polar7_q3,182272,45088768
204,128,2328,3,2,4,8,2,178,false,47914029552320512720121099912755384008530569287982623,1024,8,79,7,3,true,class2_special,109,m7r3_polar7_q4,182272,45088768
205,128,2328,3,2,4,8,2,178,false,43577556018427015005837456231340165062176,1024,8,335,7,3,true,class2_special,110,m7r3_polar7_q5,182272,45088768
206,128,2328,3,2,4,8,2,178,false,44623417362869263365977555216358176333258288,1024,8,111,7,3,true,class2_special,111,m7r3_polar7_q6,182272,45088768
207,128,2328,3,2,4,8,2,178,false,49063966261576205025404026533688699506454553560978054719,1024,8,79,7,3,true,class2_special,112,m7r3_polar7_q7,182272,45088768
208,128,2328,3,2,4,8,2,178,false,49063966261576205025404026533688699506526611155015982655,1024,8,111,7,3,true,class2_special,113,m7r3_polar7_q8,182272,45088768
209,128,2328,3,2,4,8,2,178,false,49063966261576205025404026533688661727504676205306863167,1024,8,111,7,3,true,class2_special,114,m7r3_polar7_q9,182272,45088768
210,128,2328,3,2,4,8,2,178,false,49063966261576205025404026573302780763586722357750029887,1024,8,111,7,3,true,class2_special,115,m7r3_polar7_q10,182272,45088768
211,128,2328,3,2,4,8,2,178,false,49063966261576205025404026573302780763658779951787957823,1024,8,79,7,3,true,class2_special,116,m7r3_polar7_q11,182272,45088768
212,128,2328,3,2,4,8,2,178,false,49063966261576205025404026573302742984636845002078838335,1024,8,335,7,3,true,class2_special,117,m7r3_polar7_q12,182272,45088768
213,128,2328,3,2,4,8,2,178,false,21309206609759709341237942986582789632,1024,8,335,7,3,true,class2_special,118,m7r3_polar8_q1,182272,45088768
214,128,2328,3,2,4,8,2,178,false,22880586373156246509770741144356213572700999182,1024,8,335,7,3,true,class2_special,119,m7r3_polar8_q2,182272,45088768
215,128,2328,3,2,4,8,2,178,false,23429720446111996426005238931820833068832560254479,1024,8,111,7,3,true,class2_special,120,m7r3_polar8_q3,182272,45088768
216,128,2328,3,2,4,8,2,178,false,23429720446111996426005238931783903551888122187279,1024,8,79,7,3,true,class2_special,121,m7r3_polar8_q4,182272,45088768
217,128,2328,3,2,4,8,2,178,false,23992033736818684340229305245062610541113585860611694,1024,8,335,7,3,true,class2_special,122,m7r3_polar8_q5,182272,45088768
218,128,2328,3,2,4,8,2,178,false,24567842546502332764394808570944113194170682308003368559,1024,8,111,7,3,true,class2_special,123,m7r3_polar8_q6,182272,45088768
219,128,2328,3,2,4,8,2,178,false,24567842546502332764394808570944113157241165363565301359,1024,8,79,7,3,true,class2_special,124,m7r3_polar8_q7,182272,45088768
220,128,2328,3,2,4,8,2,178,false,25157470767618388750740283976607196477439459434235552861823,1024,8,111,7,3,true,class2_special,125,m7r3_polar8_q8,182272,45088768
221,128,2328,3,2,4,8,2,178,false,25157470767618388750740283976607196477402529917291114794623,1024,8,335,7,3,true,class2_special,126,m7r3_polar8_q9,182272,45088768
