Order,SmallGroup_ID,StructureDescription,CenterSize
1536,10499676,"D1536",2
1536,10499681,"C3 : Q512",2
1536,10673171,"C3 : ((((((C4 x C4) : C2) : C2) : C2) : C2) : C2)",4
1536,10673174,"C3 : (C16 : Q32)",4
1536,10834039,"C3 : (((((C2 x D16) : C2) : C2) : C2) : C2)",4
1536,10834042,"C3 : (C8 : Q64)",4
1536,10834064,"C3 : (C32 : Q16)",4
1536,10844315,"C3 : (((C2 x D64) : C2) : C2)",4
1536,10844318,"C3 : (C4 : Q128)",4
1536,10844340,"C3 : (C64 : Q8)",4
1536,10844361,"D256 x S3",2
1536,10844363,"C2 x D768",4
1536,10844368,"Q256 x S3",2
1536,10844370,"C2 x (C3 : Q256)",4
1536,13338182,"C3 : (((C2 x (((C4 x C4) : C2) : C2)) : C2) : C2)",8
1536,13338186,"C3 : ((C8 x C4) : Q16)",8
1536,13339872,"C3 : ((C8 x C8) : Q8)",8
1536,15129935,"(((((C4 x C4) : C2) : C2) : C2) : C2) x S3",4
1536,15129938,"C2 x (C3 : (((((C4 x C4) : C2) : C2) : C2) : C2))",8
1536,15129939,"(C8 : Q32) x S3",4
1536,15129942,"C2 x (C3 : (C8 : Q32))",8
1536,15130027,"(C16 : Q16) x S3",4
1536,15130030,"C2 x (C3 : (C16 : Q16))",8
1536,15144391,"D32 x D48",4
1536,15144392,"D16 x D96",4
1536,15144466,"Q32 x D48",4
1536,15144467,"D16 x (C3 : Q32)",4
1536,15144515,"C3 : (((((C2 x D16) : C2) : C2) : C2) : C2)",2
1536,15144520,"C3 : ((((C4 : Q16) : C2) : C2) : C2)",2
1536,15147863,"Q16 x D96",4
1536,15147864,"D32 x (C3 : Q16)",4
1536,15147908,"Q16 x (C3 : Q32)",4
1536,15147909,"Q32 x (C3 : Q16)",4
1536,15371172,"C3 : ((C2 x (((C2 x D16) : C2) : C2)) : C2)",8
1536,15371175,"C3 : ((C4 x C4) : Q32)",8
1536,15371223,"C3 : ((C16 x C4) : Q8)",8
1536,15374726,"(((C2 x D32) : C2) : C2) x S3",4
1536,15374729,"C2 x (C3 : (((C2 x D32) : C2) : C2))",8
1536,15374730,"(C4 : Q64) x S3",4
1536,15374733,"C2 x (C3 : (C4 : Q64))",8
1536,15374818,"(C32 : Q8) x S3",4
1536,15374821,"C2 x (C3 : (C32 : Q8))",8
1536,15375801,"D64 x D24",4
1536,15375802,"D8 x D192",4
1536,15375876,"Q64 x D24",4
1536,15375877,"D8 x (C3 : Q64)",4
1536,15376089,"C3 : ((((C2 x D32) : C2) : C2) : C2)",2
1536,15376090,"C3 : ((((C2 x D32) : C2) : C2) : C2)",2
1536,15376128,"C3 : ((((C2 x Q32) : C2) : C2) : C2)",2
1536,15376129,"C3 : ((((C2 x Q32) : C2) : C2) : C2)",2
1536,15377207,"D64 x (C3 : Q8)",4
1536,15377208,"Q8 x D192",4
1536,15377238,"Q64 x (C3 : Q8)",4
1536,15377239,"Q8 x (C3 : Q64)",4
1536,15377458,"C2 x D128 x S3",4
1536,15377460,"C2 x C2 x D384",8
1536,15377465,"C2 x Q128 x S3",4
1536,15377467,"C2 x C2 x (C3 : Q128)",8
1536,15377492,"C3 : ((C2 x D128) : C2)",2
1536,15377495,"C3 : ((C2 x D128) : C2)",2
1536,15377504,"C3 : ((C2 x Q128) : C2)",2
1536,15377507,"C3 : ((C2 x Q128) : C2)",2
1536,193945788,"C3 : ((C2 x ((C2 x ((C4 x C4) : C2)) : C2)) : C2)",16
1536,193945791,"C3 : ((C4 x C4 x C4) : Q8)",16
1536,194005924,"((((C2 x C2 x D8) : C2) : C2) : C2) x S3",4
1536,194005974,"((((C4 x C2) : Q8) : C2) : C2) x S3",4
1536,194029079,"(((((C4 x C4) : C2) : C2) : C2) : C2) x S3",4
1536,194029123,"(((Q8 : Q8) : C2) : C2) x S3",4
1536,194029332,"(((C8 : Q8) : C2) : C2) x S3",4
1536,194091410,"(((((C4 x C4) : C2) : C2) : C2) : C2) x S3",4
1536,194091445,"(((C8 : Q8) : C2) : C2) x S3",4
1536,194200335,"C2 x (((((C4 x C4) : C2) : C2) : C2) x S3)",8
1536,194200337,"C2 x C2 x (C3 : ((((C4 x C4) : C2) : C2) : C2))",16
1536,194200338,"C2 x ((C8 : Q16) x S3)",8
1536,194200341,"C2 x C2 x (C3 : (C8 : Q16))",16
1536,194201771,"C3 : ((C2 x ((((C4 x C4) : C2) : C2) : C2)) : C2)",4
1536,194201776,"C3 : ((C2 x ((((C4 x C4) : C2) : C2) : C2)) : C2)",4
1536,194201778,"C3 : ((C2 x (C8 : Q16)) : C2)",4
1536,194201783,"C3 : ((C2 x (C8 : Q16)) : C2)",4
1536,194201805,"C3 : ((C2 x (C8 : Q16)) : C2)",4
1536,194201812,"C3 : ((C2 x (C8 : Q16)) : C2)",4
1536,194225304,"D16 x D16 x S3",4
1536,194225309,"C2 x D16 x D48",8
1536,194225383,"Q16 x D16 x S3",4
1536,194225390,"C2 x Q16 x D48",8
1536,194225391,"C2 x (D16 x (C3 : Q16))",8
1536,194225936,"Q16 x Q16 x S3",4
1536,194225941,"C2 x (Q16 x (C3 : Q16))",8
1536,194241890,"C3 : ((((((C8 x C2) : C2) : C2) : C2) : C2) : C2)",4
1536,194241891,"C3 : ((((((C8 x C2) : C2) : C2) : C2) : C2) : C2)",4
1536,194241915,"C3 : ((((C4 : Q16) : C2) : C2) : C2)",4
1536,194241916,"C3 : ((((C4 : Q16) : C2) : C2) : C2)",4
1536,194242557,"C3 : (((Q8 : Q16) : C2) : C2)",4
1536,194242558,"C3 : (((Q8 : Q16) : C2) : C2)",4
1536,194242582,"C3 : (((Q8 : Q16) : C2) : C2)",4
1536,194242583,"C3 : (((Q8 : Q16) : C2) : C2)",4
1536,199574866,"((C2 x C2 x C2 x C2) : C2) x D48",8
1536,199574949,"((C2 x C2 x C2 x C2) : C2) x (C3 : Q16)",8
1536,199579299,"(((C4 x C4) : C2) : C2) x D24",4
1536,199579430,"((C4 : Q8) : C2) x D24",4
1536,199580261,"C3 : (((((C8 : (C2 x C2)) : C2) : C2) : C2) : C2)",2
1536,199580312,"C3 : (((((C8 : (C2 x C2)) : C2) : C2) : C2) : C2)",2
1536,199580326,"(((C2 x C2 x C2 x C2) : C2) : C2) x D24",4
1536,199580594,"C3 : ((((((C4 x C2 x C2) : C2) : C2) : C2) : C2) : C2)",2
1536,199580620,"C3 : (((((C2 x C2 x Q8) : C2) : C2) : C2) : C2)",2
1536,199841113,"((C4 x C4) : C2) x D48",8
1536,199841114,"D16 x (C3 : ((C4 x C4) : C2))",8
1536,199841198,"((C4 x C4) : C2) x (C3 : Q16)",8
1536,199841199,"Q16 x (C3 : ((C4 x C4) : C2))",8
1536,199841673,"(((C4 x C4) : C2) : C2) x D24",8
1536,199841674,"D8 x (C3 : (((C4 x C4) : C2) : C2))",8
1536,199841684,"(C4 : Q16) x D24",8
1536,199841685,"D8 x (C3 : (C4 : Q16))",8
1536,199844374,"C3 : (((C2 x (((C2 x C2 x C2) : (C2 x C2)) : C2)) : C2) : C2)",4
1536,199844375,"C3 : (((C2 x (((C2 x C2 x C2) : (C2 x C2)) : C2)) : C2) : C2)",4
1536,199844385,"C3 : (((C2 x (((C4 x C4) : C2) : C2)) : C2) : C2)",4
1536,199844386,"C3 : (((C2 x (((C4 x C4) : C2) : C2)) : C2) : C2)",4
1536,199845159,"(C4 : Q8) x D48",8
1536,199845160,"D16 x (C3 : (C4 : Q8))",8
1536,199845315,"(C4 : Q8) x (C3 : Q16)",8
1536,199845316,"Q16 x (C3 : (C4 : Q8))",8
1536,199846253,"(C8 : Q8) x D24",8
1536,199846254,"D8 x (C3 : (C8 : Q8))",8
1536,199847753,"C3 : ((((C8 : Q8) : C2) : C2) : C2)",4
1536,199847754,"C3 : ((((C8 : Q8) : C2) : C2) : C2)",4
1536,201027720,"(((C4 x C4) : C2) : C2) x (C3 : Q8)",4
1536,201027787,"((C4 : Q8) : C2) x (C3 : Q8)",4
1536,201028059,"(((C2 x C2 x C2 x C2) : C2) : C2) x (C3 : Q8)",4
1536,201054876,"(((C4 x C4) : C2) : C2) x (C3 : Q8)",8
1536,201054878,"Q8 x (C3 : (((C4 x C4) : C2) : C2))",8
1536,201054883,"(C4 : Q16) x (C3 : Q8)",8
1536,201054885,"Q8 x (C3 : (C4 : Q16))",8
1536,201055916,"(C8 : Q8) x (C3 : Q8)",8
1536,201055918,"Q8 x (C3 : (C8 : Q8))",8
1536,201106945,"(((C2 x (C8 : (C2 x C2))) : C2) : C2) x S3",2
1536,201106969,"(((C2 x ((C2 x Q8) : C2)) : C2) : C2) x S3",2
1536,201139769,"((C2 x (((C4 x C4) : C2) : C2)) : C2) x S3",8
1536,201139772,"C2 x (C3 : ((C2 x (((C4 x C4) : C2) : C2)) : C2))",16
1536,201139773,"((C4 x C4) : Q16) x S3",8
1536,201139776,"C2 x (C3 : ((C4 x C4) : Q16))",16
1536,201139967,"((C8 x C4) : Q8) x S3",8
1536,201139971,"C2 x (C3 : ((C8 x C4) : Q8))",16
1536,230685566,"C2 x (((((C2 x C2 x C2) : (C2 x C2)) : C2) : C2) x S3)",4
1536,230685809,"C3 : ((C2 x ((((C2 x C2 x C2) : (C2 x C2)) : C2) : C2)) : C2)",2
1536,230685845,"C3 : ((((((C2 x C2 x C2) : (C2 x C2)) : C2) : C2) : C2) : C2)",2
1536,230685958,"C2 x (((Q8 x Q8) : C2) x S3)",4
1536,230686088,"C3 : ((C2 x ((Q8 x Q8) : C2)) : C2)",2
1536,230686102,"C3 : ((((((C4 x C4) : C2) : C2) : C2) : C2) : C2)",2
1536,230689133,"C2 x ((((C2 x D16) : C2) : C2) x S3)",8
1536,230689136,"C2 x C2 x (C3 : (((C2 x D16) : C2) : C2))",16
1536,230689137,"C2 x ((C4 : Q32) x S3)",8
1536,230689140,"C2 x C2 x (C3 : (C4 : Q32))",16
1536,230689269,"C3 : ((C2 x (((C2 x D16) : C2) : C2)) : C2)",4
1536,230689274,"C3 : ((C2 x (((C2 x D16) : C2) : C2)) : C2)",4
1536,230689276,"C3 : ((C2 x (C4 : Q32)) : C2)",4
1536,230689281,"C3 : ((C2 x (C4 : Q32)) : C2)",4
1536,230689324,"C2 x ((C16 : Q8) x S3)",8
1536,230689327,"C2 x C2 x (C3 : (C16 : Q8))",16
1536,230689413,"C3 : ((C2 x (C16 : Q8)) : C2)",4
1536,230689418,"C3 : ((C2 x (C16 : Q8)) : C2)",4
1536,230694925,"D8 x D32 x S3",4
1536,230694932,"C2 x D32 x D24",8
1536,230694933,"C2 x D8 x D96",8
1536,230695007,"D8 x Q32 x S3",4
1536,230695014,"C2 x Q32 x D24",8
1536,230695015,"C2 x (D8 x (C3 : Q32))",8
1536,230695054,"C3 : (((C2 x (((C8 x C2) : C2) : C2)) : C2) : C2)",4
1536,230695120,"C3 : (((C2 x (QD32 : C2)) : C2) : C2)",4
1536,230695772,"C3 : (((C2 x ((C2 x D16) : C2)) : C2) : C2)",4
1536,230695773,"C3 : (((C2 x ((C2 x D16) : C2)) : C2) : C2)",4
1536,230695797,"C3 : (((C2 x ((C2 x Q16) : C2)) : C2) : C2)",4
1536,230695798,"C3 : (((C2 x ((C2 x Q16) : C2)) : C2) : C2)",4
1536,230695977,"((((C2 x D16) : C2) : C2) : C2) x S3",2
1536,230695984,"C2 x (C3 : ((((C2 x D16) : C2) : C2) : C2))",4
1536,230695985,"C2 x (C3 : ((((C2 x D16) : C2) : C2) : C2))",4
1536,230695998,"((((C2 x Q16) : C2) : C2) : C2) x S3",2
1536,230696005,"C2 x (C3 : ((((C2 x Q16) : C2) : C2) : C2))",4
1536,230696006,"C2 x (C3 : ((((C2 x Q16) : C2) : C2) : C2))",4
1536,230700248,"Q8 x D32 x S3",4
1536,230700252,"C2 x (D32 x (C3 : Q8))",8
1536,230700253,"C2 x Q8 x D96",8
1536,230700283,"Q8 x Q32 x S3",4
1536,230700287,"C2 x (Q32 x (C3 : Q8))",8
1536,230700288,"C2 x (Q8 x (C3 : Q32))",8
1536,230700514,"C3 : ((((C8 : Q8) : C2) : C2) : C2)",4
1536,230700518,"C3 : ((((C8 : Q8) : C2) : C2) : C2)",4
1536,230722313,"C3 : (((((C2 x D16) : C2) : C2) : C2) : C2)",4
1536,230722318,"C3 : (((((C2 x D16) : C2) : C2) : C2) : C2)",4
1536,230722320,"C3 : (((C4 : Q32) : C2) : C2)",4
1536,230722325,"C3 : (((C4 : Q32) : C2) : C2)",4
1536,230723346,"C3 : (((((C8 : C4) : C2) : C2) : C2) : C2)",4
1536,230723351,"C3 : (((((C8 : C4) : C2) : C2) : C2) : C2)",4
1536,230723353,"C3 : (((C16 : Q8) : C2) : C2)",4
1536,230723358,"C3 : (((C16 : Q8) : C2) : C2)",4
1536,230726311,"C2 x C2 x D64 x S3",8
1536,230726313,"C2 x C2 x C2 x D192",16
1536,230726318,"C2 x C2 x Q64 x S3",8
1536,230726320,"C2 x C2 x C2 x (C3 : Q64)",16
1536,230726345,"((C2 x D64) : C2) x S3",2
1536,230726347,"C2 x (C3 : ((C2 x D64) : C2))",4
1536,230726350,"C2 x (C3 : ((C2 x D64) : C2))",4
1536,230726359,"((C2 x Q64) : C2) x S3",2
1536,230726361,"C2 x (C3 : ((C2 x Q64) : C2))",4
1536,230726364,"C2 x (C3 : ((C2 x Q64) : C2))",4
1536,230812688,"(((C2 x ((C2 x C2 x C2 x C2) : C2)) : C2) : C2) x S3",8
1536,230813862,"(((C2 x ((C2 x C2 x C2 x C2) : C2)) : C2) : C2) x S3",8
1536,230818126,"((((C4 x C2 x C2 x C2) : C2) : C2) : C2) x S3",8
1536,230819169,"(((C4 : C4) : Q8) : C2) x S3",8
1536,230822469,"((((C4 x C2 x C2 x C2) : C2) : C2) : C2) x S3",8
1536,230838778,"((C2 x C2 x C2 x C2) : C2) x D8 x S3",8
1536,230838783,"C2 x (((C2 x C2 x C2 x C2) : C2) x D24)",16
1536,230839392,"((C4 x C4) : C2) x D8 x S3",8
1536,230839397,"C2 x (((C4 x C4) : C2) x D24)",16
1536,230839398,"C2 x (D8 x (C3 : ((C4 x C4) : C2)))",16
1536,230839401,"(C4 : Q8) x D8 x S3",8
1536,230839409,"C2 x ((C4 : Q8) x D24)",16
1536,230839410,"C2 x (D8 x (C3 : (C4 : Q8)))",16
1536,230851347,"((C2 x C2 x C2 x C2) : C2) x Q8 x S3",8
1536,230851350,"C2 x (((C2 x C2 x C2 x C2) : C2) x (C3 : Q8))",16
1536,230851649,"((C4 x C4) : C2) x Q8 x S3",8
1536,230851652,"C2 x (((C4 x C4) : C2) x (C3 : Q8))",16
1536,230851653,"C2 x (Q8 x (C3 : ((C4 x C4) : C2)))",16
1536,230851655,"(C4 : Q8) x Q8 x S3",8
1536,230851659,"C2 x ((C4 : Q8) x (C3 : Q8))",16
1536,230851661,"C2 x (Q8 x (C3 : (C4 : Q8)))",16
1536,230869102,"C3 : ((((C2 x ((C2 x C2 x C2 x C2) : C2)) : C2) : C2) : C2)",8
1536,230876181,"C3 : (((((C2 x C2 x Q8) : C2) : C2) : C2) : C2)",8
1536,230876617,"C3 : ((((C2 x ((C4 x C4) : C2)) : C2) : C2) : C2)",8
1536,230876618,"C3 : ((((C2 x ((C4 x C4) : C2)) : C2) : C2) : C2)",8
1536,230876628,"C3 : ((((C4 x C4) : Q8) : C2) : C2)",8
1536,230876629,"C3 : ((((C4 x C4) : Q8) : C2) : C2)",8
1536,230877219,"C3 : ((((C2 x (C4 : Q8)) : C2) : C2) : C2)",8
1536,230877220,"C3 : ((((C2 x (C4 : Q8)) : C2) : C2) : C2)",8
1536,230951259,"C2 x (((C2 x ((C2 x C2 x C2 x C2) : C2)) : C2) x S3)",16
1536,230951566,"C2 x (((C2 x ((C4 x C4) : C2)) : C2) x S3)",16
1536,230951568,"C2 x C2 x (C3 : ((C2 x ((C4 x C4) : C2)) : C2))",32
1536,230951569,"C2 x (((C4 x C4) : Q8) x S3)",16
1536,230951572,"C2 x C2 x (C3 : ((C4 x C4) : Q8))",32
1536,232512786,"C3 : ((((((C4 x C2) : C4) : C2) : C2) : C2) : C2)",8
1536,232513548,"C3 : (((((C2 x C2 x C2) . (C2 x C2 x C2)) : C2) : C2) : C2)",8
1536,232527918,"C3 : ((((((C4 x C2) : C4) : C2) : C2) : C2) : C2)",8
1536,232540534,"C3 : (((((C4 x C4) : C4) : C2) : C2) : C2)",8
1536,232540544,"C3 : (((((C4 x C4) : C4) : C2) : C2) : C2)",8
1536,232540555,"C3 : (((((C4 x C4) : C4) : C2) : C2) : C2)",8
1536,232540602,"C3 : ((((C2 x C2) . (C2 x C2 x C2)) : Q8) : C2)",8
1536,232540695,"C3 : (((((C4 x C4) : C4) : C2) : C2) : C2)",8
1536,233808489,"D8 x D8 x D24",8
1536,233808498,"D8 x D8 x (C3 : Q8)",8
1536,233808500,"Q8 x D8 x D24",8
1536,233809963,"Q8 x D8 x (C3 : Q8)",8
1536,233809966,"Q8 x Q8 x D24",8
1536,233830471,"Q8 x Q8 x (C3 : Q8)",8
1536,408131059,"C2 x C2 x ((((C4 x C4) : C2) : C2) x S3)",8
1536,408131130,"C2 x (((C2 x (C8 : (C2 x C2))) : C2) x S3)",8
1536,408131291,"((C2 x (((C4 x C4) : C2) : C2)) : C2) x S3",2
1536,408131293,"C2 x (C3 : ((C2 x (((C4 x C4) : C2) : C2)) : C2))",4
1536,408131365,"((((C8 : (C2 x C2)) : C2) : C2) : C2) x S3",2
1536,408131367,"C2 x (C3 : ((((C8 : (C2 x C2)) : C2) : C2) : C2))",4
1536,408131485,"C3 : ((C2 x ((C2 x (C8 : (C2 x C2))) : C2)) : C2)",4
1536,408131544,"C3 : ((((C2 x (C8 : (C2 x C2))) : C2) : C2) : C2)",4
1536,408131631,"C2 x C2 x ((((C2 x Q8) : C2) : C2) x S3)",8
1536,408131664,"C2 x (((C2 x ((C2 x Q8) : C2)) : C2) x S3)",8
1536,408131703,"C2 x C2 x ((((C2 x C2 x C2 x C2) : C2) : C2) x S3)",8
1536,408131713,"((C2 x (((C2 x C2 x C2 x C2) : C2) : C2)) : C2) x S3",2
1536,408131715,"C2 x (C3 : ((C2 x (((C2 x C2 x C2 x C2) : C2) : C2)) : C2))",4
1536,408131787,"(((((C2 x C2 x C2 x C2) : C2) : C2) : C2) : C2) x S3",2
1536,408131788,"C2 x (C3 : (((((C2 x C2 x C2 x C2) : C2) : C2) : C2) : C2))",4
1536,408136712,"(((C2 x ((C8 x C2) : C2)) : C2) : C2) x S3",4
1536,408136714,"C2 x (C3 : (((C2 x ((C8 x C2) : C2)) : C2) : C2))",8
1536,408136719,"C2 x (C3 : (((C2 x ((C8 x C2) : C2)) : C2) : C2))",8
1536,408136732,"(((C2 x ((C8 x C2) : C2)) : C2) : C2) x S3",4
1536,408136734,"C2 x (C3 : (((C2 x ((C8 x C2) : C2)) : C2) : C2))",8
1536,408136738,"C2 x (C3 : (((C2 x ((C8 x C2) : C2)) : C2) : C2))",8
1536,408136834,"C2 x C2 x ((((C4 x C4) : C2) : C2) x S3)",16
1536,408136837,"C2 x C2 x C2 x (C3 : (((C4 x C4) : C2) : C2))",32
1536,408136844,"C2 x C2 x ((C4 : Q16) x S3)",16
1536,408136847,"C2 x C2 x C2 x (C3 : (C4 : Q16))",32
1536,408136960,"(((C8 : Q8) : C2) : C2) x S3",4
1536,408136962,"C2 x (C3 : (((C8 : Q8) : C2) : C2))",8
1536,408136967,"C2 x (C3 : (((C8 : Q8) : C2) : C2))",8
1536,408137036,"C2 x C2 x ((C8 : Q8) x S3)",16
1536,408137039,"C2 x C2 x C2 x (C3 : (C8 : Q8))",32
1536,408151168,"C2 x D8 x D16 x S3",8
1536,408151175,"C2 x C2 x D16 x D24",16
1536,408151176,"C2 x C2 x D8 x D48",16
1536,408151189,"C2 x D8 x Q16 x S3",8
1536,408151196,"C2 x C2 x Q16 x D24",16
1536,408151197,"C2 x C2 x (D8 x (C3 : Q16))",16
1536,408151671,"(((C2 x C2 x D16) : C2) : C2) x S3",4
1536,408151684,"C2 x (C3 : (((C2 x C2 x D16) : C2) : C2))",8
1536,408151706,"(((C2 x C2 x Q16) : C2) : C2) x S3",4
1536,408151719,"C2 x (C3 : (((C2 x C2 x Q16) : C2) : C2))",8
1536,408152407,"(((C2 x (C8 : (C2 x C2))) : C2) : C2) x S3",4
1536,408152417,"C2 x (C3 : (((C2 x (C8 : (C2 x C2))) : C2) : C2))",8
1536,408152418,"C2 x (C3 : (((C2 x (C8 : (C2 x C2))) : C2) : C2))",8
1536,408152435,"(((C2 x ((C2 x Q8) : C2)) : C2) : C2) x S3",4
1536,408152445,"C2 x (C3 : (((C2 x ((C2 x Q8) : C2)) : C2) : C2))",8
1536,408152446,"C2 x (C3 : (((C2 x ((C2 x Q8) : C2)) : C2) : C2))",8
1536,408153202,"D8 x (C3 : ((C2 x D16) : C2))",4
1536,408153216,"((C2 x D16) : C2) x D24",4
1536,408153217,"D8 x (C3 : ((C2 x D16) : C2))",4
1536,408153242,"D8 x (C3 : ((C2 x Q16) : C2))",4
1536,408153256,"((C2 x Q16) : C2) x D24",4
1536,408153257,"D8 x (C3 : ((C2 x Q16) : C2))",4
1536,408153848,"C2 x ((((C8 : (C2 x C2)) : C2) : C2) x S3)",4
1536,408153853,"C2 x C2 x (C3 : (((C8 : (C2 x C2)) : C2) : C2))",8
1536,408153854,"C2 x (((((C2 x Q8) : C2) : C2) : C2) x S3)",4
1536,408153859,"C2 x C2 x (C3 : ((((C2 x Q8) : C2) : C2) : C2))",8
1536,408154061,"C3 : ((C2 x (((C8 : (C2 x C2)) : C2) : C2)) : C2)",2
1536,408154068,"C3 : ((C2 x (((C8 : (C2 x C2)) : C2) : C2)) : C2)",2
1536,408154070,"C3 : ((C2 x ((((C2 x Q8) : C2) : C2) : C2)) : C2)",2
1536,408154077,"C3 : ((C2 x ((((C2 x Q8) : C2) : C2) : C2)) : C2)",2
1536,408154178,"C2 x Q8 x D16 x S3",8
1536,408154182,"C2 x C2 x (D16 x (C3 : Q8))",16
1536,408154183,"C2 x C2 x Q8 x D48",16
1536,408154222,"C2 x Q8 x Q16 x S3",8
1536,408154226,"C2 x C2 x (Q16 x (C3 : Q8))",16
1536,408154227,"C2 x C2 x (Q8 x (C3 : Q16))",16
1536,408154311,"(((C2 x (C4 : Q8)) : C2) : C2) x S3",4
1536,408154324,"C2 x (C3 : (((C2 x (C4 : Q8)) : C2) : C2))",8
1536,408154325,"C2 x (C3 : (((C2 x (C4 : Q8)) : C2) : C2))",8
1536,408155003,"Q8 x (C3 : ((C2 x D16) : C2))",4
1536,408155011,"((C2 x D16) : C2) x (C3 : Q8)",4
1536,408155012,"Q8 x (C3 : ((C2 x D16) : C2))",4
1536,408155086,"Q8 x (C3 : ((C2 x Q16) : C2))",4
1536,408155094,"((C2 x Q16) : C2) x (C3 : Q8)",4
1536,408155095,"Q8 x (C3 : ((C2 x Q16) : C2))",4
1536,408179627,"(((((C4 x C2 x C2) : C2) : C2) : C2) : C2) x S3",4
1536,408179669,"((((C2 x Q16) : C2) : C2) : C2) x S3",4
1536,408180345,"(((((C4 x C2 x C2) : C2) : C2) : C2) : C2) x S3",4
1536,408180381,"(((((C2 x Q8) : C2) : C2) : C2) : C2) x S3",4
1536,408185074,"C3 : ((C2 x D8 x D16) : C2)",4
1536,408185179,"C3 : ((C2 x D8 x Q16) : C2)",4
1536,408209578,"(((C4 x D16) : C2) : C2) x S3",4
1536,408211669,"C3 : ((((C2 x ((C8 x C2) : C2)) : C2) : C2) : C2)",4
1536,408211738,"C3 : ((((C2 x ((C8 x C2) : C2)) : C2) : C2) : C2)",4
1536,408234969,"(((((C4 x C4) : C2) : C2) : C2) : C2) x S3",4
1536,408234971,"C2 x (C3 : (((((C4 x C4) : C2) : C2) : C2) : C2))",8
1536,408234976,"C2 x (C3 : (((((C4 x C4) : C2) : C2) : C2) : C2))",8
1536,408234977,"(((C4 : Q16) : C2) : C2) x S3",4
1536,408234979,"C2 x (C3 : (((C4 : Q16) : C2) : C2))",8
1536,408234984,"C2 x (C3 : (((C4 : Q16) : C2) : C2))",8
1536,408236514,"C3 : ((((C2 x C2 x D16) : C2) : C2) : C2)",4
1536,408236515,"C3 : ((((C2 x C2 x D16) : C2) : C2) : C2)",4
1536,408236529,"C3 : ((((C2 x C2 x Q16) : C2) : C2) : C2)",4
1536,408236530,"C3 : ((((C2 x C2 x Q16) : C2) : C2) : C2)",4
1536,408252926,"(((C8 : Q8) : C2) : C2) x S3",4
1536,408252928,"C2 x (C3 : (((C8 : Q8) : C2) : C2))",8
1536,408252933,"C2 x (C3 : (((C8 : Q8) : C2) : C2))",8
1536,408252934,"(((C8 : Q8) : C2) : C2) x S3",4
1536,408252936,"C2 x (C3 : (((C8 : Q8) : C2) : C2))",8
1536,408252941,"C2 x (C3 : (((C8 : Q8) : C2) : C2))",8
1536,408254472,"C3 : ((((C2 x (C8 : C4)) : C2) : C2) : C2)",4
1536,408254473,"C3 : ((((C2 x (C8 : C4)) : C2) : C2) : C2)",4
1536,408372397,"D16 x (C3 : ((C2 x C2 x C2) : (C2 x C2)))",4
1536,408372402,"((C2 x C2 x C2) : (C2 x C2)) x D48",4
1536,408372416,"Q16 x (C3 : ((C2 x C2 x C2) : (C2 x C2)))",4
1536,408372421,"((C2 x C2 x C2) : (C2 x C2)) x (C3 : Q16)",4
1536,408379335,"C3 : ((C2 x D8 x D16) : C2)",4
1536,408379348,"C3 : ((C2 x D8 x D16) : C2)",4
1536,408379375,"C3 : ((C2 x D8 x Q16) : C2)",4
1536,408379388,"C3 : ((C2 x D8 x Q16) : C2)",4
1536,408391279,"C3 : ((((C2 x ((C8 x C2) : C2)) : C2) : C2) : C2)",4
1536,408391284,"C3 : ((((C2 x ((C8 x C2) : C2)) : C2) : C2) : C2)",4
1536,408391287,"C3 : ((((C2 x ((C8 x C2) : C2)) : C2) : C2) : C2)",4
1536,408391292,"C3 : ((((C2 x ((C8 x C2) : C2)) : C2) : C2) : C2)",4
1536,408445614,"D16 x (C3 : ((C2 x Q8) : C2))",4
1536,408445620,"((C2 x Q8) : C2) x D48",4
1536,408446533,"C3 : (((D8 x D16) : C2) : C2)",4
1536,408446545,"C3 : (((D8 x D16) : C2) : C2)",4
1536,408446547,"C3 : (((D8 x D16) : C2) : C2)",4
1536,408457852,"C3 : ((((C2 x ((C8 x C2) : C2)) : C2) : C2) : C2)",4
1536,408457856,"C3 : ((((C2 x ((C8 x C2) : C2)) : C2) : C2) : C2)",4
1536,408457864,"C3 : ((((C2 x ((C8 x C2) : C2)) : C2) : C2) : C2)",4
1536,408457983,"Q16 x (C3 : ((C2 x Q8) : C2))",4
1536,408457989,"((C2 x Q8) : C2) x (C3 : Q16)",4
1536,408494265,"C2 x C2 x C2 x D32 x S3",16
1536,408494267,"C2 x C2 x C2 x C2 x D96",32
1536,408494286,"C2 x (((C2 x D32) : C2) x S3)",4
1536,408494288,"C2 x C2 x (C3 : ((C2 x D32) : C2))",8
1536,408494291,"C2 x C2 x (C3 : ((C2 x D32) : C2))",8
1536,408494300,"C2 x (((((C8 x C2) : C2) : C2) : C2) x S3)",4
1536,408494301,"C2 x C2 x (C3 : ((((C8 x C2) : C2) : C2) : C2))",8
1536,408494304,"C2 x C2 x (C3 : ((((C8 x C2) : C2) : C2) : C2))",8
1536,408494337,"C3 : ((C2 x ((C2 x D32) : C2)) : C2)",2
1536,408494340,"C3 : ((C2 x ((C2 x D32) : C2)) : C2)",2
1536,408494349,"C3 : ((((C2 x D32) : C2) : C2) : C2)",2
1536,408494352,"C3 : ((((C2 x D32) : C2) : C2) : C2)",2
1536,408494363,"C2 x C2 x C2 x Q32 x S3",16
1536,408494365,"C2 x C2 x C2 x C2 x (C3 : Q32)",32
1536,408494467,"C2 x C2 x C2 x (((C2 x C2 x C2 x C2) : C2) x S3)",32
1536,408494523,"C2 x C2 x C2 x (((C4 x C4) : C2) x S3)",32
1536,408494525,"C2 x C2 x C2 x C2 x (C3 : ((C4 x C4) : C2))",64
1536,408494526,"C2 x C2 x C2 x ((C4 : Q8) x S3)",32
1536,408494529,"C2 x C2 x C2 x C2 x (C3 : (C4 : Q8))",64
1536,408494704,"C2 x C2 x D8 x D8 x S3",16
1536,408494709,"C2 x C2 x C2 x D8 x D24",32
1536,408494710,"C2 x C2 x Q8 x D8 x S3",16
1536,408494714,"C2 x C2 x C2 x (D8 x (C3 : Q8))",32
1536,408494715,"C2 x C2 x C2 x Q8 x D24",32
1536,408494863,"C2 x C2 x Q8 x Q8 x S3",16
1536,408494865,"C2 x C2 x C2 x (Q8 x (C3 : Q8))",32
1536,408494914,"C2 x (((C2 x ((C2 x C2 x C2 x C2) : C2)) : C2) x S3)",8
1536,408494918,"C2 x C2 x (C3 : ((C2 x ((C2 x C2 x C2 x C2) : C2)) : C2))",16
1536,408495202,"C2 x (((((C2 x C2 x C2 x C2) : C2) : C2) : C2) x S3)",8
1536,408495204,"C2 x C2 x (C3 : ((((C2 x C2 x C2 x C2) : C2) : C2) : C2))",16
1536,408495358,"C2 x (((((C4 x C4) : C2) : C2) : C2) x S3)",8
1536,408495360,"C2 x C2 x (C3 : ((((C4 x C4) : C2) : C2) : C2))",16
1536,408495365,"C2 x C2 x (C3 : ((((C4 x C4) : C2) : C2) : C2))",16
1536,408495366,"C2 x ((((C4 : Q8) : C2) : C2) x S3)",8
1536,408495368,"C2 x C2 x (C3 : (((C4 : Q8) : C2) : C2))",16
1536,408495375,"C2 x C2 x (C3 : (((C4 : Q8) : C2) : C2))",16
1536,408495452,"C2 x ((((C4 : Q8) : C2) : C2) x S3)",8
1536,408495454,"C2 x C2 x (C3 : (((C4 : Q8) : C2) : C2))",16
1536,408495459,"C2 x C2 x (C3 : (((C4 : Q8) : C2) : C2))",16
1536,408496023,"D8 x ((C2 x C2 x C2) : (C2 x C2)) x S3",4
1536,408496026,"C2 x (D8 x (C3 : ((C2 x C2 x C2) : (C2 x C2))))",8
1536,408496031,"C2 x (((C2 x C2 x C2) : (C2 x C2)) x D24)",8
1536,408496032,"Q8 x ((C2 x C2 x C2) : (C2 x C2)) x S3",4
1536,408496035,"C2 x (Q8 x (C3 : ((C2 x C2 x C2) : (C2 x C2))))",8
1536,408496037,"C2 x (((C2 x C2 x C2) : (C2 x C2)) x (C3 : Q8))",8
1536,408496276,"D8 x ((C2 x Q8) : C2) x S3",4
1536,408496278,"C2 x (D8 x (C3 : ((C2 x Q8) : C2)))",8
1536,408496284,"C2 x (((C2 x Q8) : C2) x D24)",8
1536,408496285,"Q8 x ((C2 x Q8) : C2) x S3",4
1536,408496287,"C2 x (Q8 x (C3 : ((C2 x Q8) : C2)))",8
1536,408496290,"C2 x (((C2 x Q8) : C2) x (C3 : Q8))",8
1536,408496629,"C3 : ((C2 x ((C2 x ((C2 x C2 x C2 x C2) : C2)) : C2)) : C2)",4
1536,408496896,"C3 : ((C2 x ((((C2 x C2 x C2 x C2) : C2) : C2) : C2)) : C2)",4
1536,408497094,"C3 : (((C2 x (((C4 x C4) : C2) : C2)) : C2) : C2)",4
1536,408497099,"C3 : (((C2 x (((C4 x C4) : C2) : C2)) : C2) : C2)",4
1536,408497101,"C3 : (((C2 x ((C4 : Q8) : C2)) : C2) : C2)",4
1536,408497108,"C3 : (((C2 x ((C4 : Q8) : C2)) : C2) : C2)",4
1536,408497177,"C3 : (((C2 x ((C4 : Q8) : C2)) : C2) : C2)",4
1536,408497182,"C3 : (((C2 x ((C4 : Q8) : C2)) : C2) : C2)",4
1536,408498090,"(((D8 x D8) : C2) : C2) x S3",4
1536,408498404,"(((((C2 x C2 x C2 x C2) : C2) : C2) : C2) : C2) x S3",4
1536,408498409,"C2 x (C3 : (((((C2 x C2 x C2 x C2) : C2) : C2) : C2) : C2))",8
1536,408498411,"(((((C4 x C2 x C2) : C2) : C2) : C2) : C2) x S3",4
1536,408498418,"C2 x (C3 : (((((C4 x C2 x C2) : C2) : C2) : C2) : C2))",8
1536,408502002,"((C2 x D8 x D8) : C2) x S3",4
1536,408502004,"C2 x (C3 : ((C2 x D8 x D8) : C2))",8
1536,408502102,"((C2 x Q8 x D8) : C2) x S3",4
1536,408502104,"C2 x (C3 : ((C2 x Q8 x D8) : C2))",8
1536,408502112,"C2 x (C3 : ((C2 x Q8 x D8) : C2))",8
1536,408502677,"((C2 x Q8 x Q8) : C2) x S3",4
1536,408502679,"C2 x (C3 : ((C2 x Q8 x Q8) : C2))",8
1536,408502683,"C2 x (C3 : ((C2 x Q8 x Q8) : C2))",8
1536,408502746,"((((C4 x D8) : C2) : C2) : C2) x S3",4
1536,408502747,"C2 x (C3 : ((((C4 x D8) : C2) : C2) : C2))",8
1536,408505258,"C3 : ((C2 x ((D8 x D8) : C2)) : C2)",4
1536,408505270,"C3 : ((C2 x ((((C4 x C2 x C2) : C2) : C2) : C2)) : C2)",4
1536,408505276,"C3 : ((C2 x ((((C4 x C2 x C2) : C2) : C2) : C2)) : C2)",4
1536,408506629,"C3 : ((((((C4 x C2 x C2) : C2) : C2) : C2) : C2) : C2)",4
1536,408507605,"C3 : ((C2 x ((D8 x D8) : C2)) : C2)",4
1536,408507614,"C3 : ((C2 x ((D8 x D8) : C2)) : C2)",4
1536,408507617,"C3 : ((C2 x ((((C4 x C2 x C2) : C2) : C2) : C2)) : C2)",4
1536,408507623,"C3 : ((C2 x ((((C4 x C2 x C2) : C2) : C2) : C2)) : C2)",4
1536,408507633,"C3 : ((C2 x ((((C4 x C2 x C2) : C2) : C2) : C2)) : C2)",4
1536,408507694,"C3 : ((C2 x ((((C2 x Q8) : C2) : C2) : C2)) : C2)",4
1536,408507703,"C3 : ((C2 x ((((C2 x Q8) : C2) : C2) : C2)) : C2)",4
1536,408526436,"C2 x C2 x C2 x C2 x D16 x S3",32
1536,408526438,"C2 x C2 x C2 x C2 x C2 x D48",64
1536,408526457,"C2 x C2 x (((C2 x D16) : C2) x S3)",8
1536,408526459,"C2 x C2 x C2 x (C3 : ((C2 x D16) : C2))",16
1536,408526462,"C2 x C2 x C2 x (C3 : ((C2 x D16) : C2))",16
1536,408526471,"C2 x C2 x ((((C8 x C2) : C2) : C2) x S3)",8
1536,408526472,"C2 x C2 x C2 x (C3 : (((C8 x C2) : C2) : C2))",16
1536,408526475,"C2 x C2 x C2 x (C3 : (((C8 x C2) : C2) : C2))",16
1536,408526508,"((C2 x ((C2 x D16) : C2)) : C2) x S3",2
1536,408526510,"C2 x (C3 : ((C2 x ((C2 x D16) : C2)) : C2))",4
1536,408526513,"C2 x (C3 : ((C2 x ((C2 x D16) : C2)) : C2))",4
1536,408526522,"((((C2 x D16) : C2) : C2) : C2) x S3",2
1536,408526524,"C2 x (C3 : ((((C2 x D16) : C2) : C2) : C2))",4
1536,408526527,"C2 x (C3 : ((((C2 x D16) : C2) : C2) : C2))",4
1536,408526559,"C2 x C2 x C2 x C2 x Q16 x S3",32
1536,408526561,"C2 x C2 x C2 x C2 x C2 x (C3 : Q16)",64
1536,408526564,"C2 x C2 x C2 x C2 x C2 x D8 x S3",64
1536,408526566,"C2 x C2 x C2 x C2 x C2 x C2 x D24",128
1536,408526567,"C2 x C2 x C2 x C2 x C2 x Q8 x S3",64
1536,408526568,"C2 x C2 x C2 x C2 x C2 x C2 x (C3 : Q8)",128
1536,408526573,"C2 x C2 x C2 x (((C2 x C2 x C2) : (C2 x C2)) x S3)",16
1536,408526575,"C2 x C2 x C2 x C2 x (C3 : ((C2 x C2 x C2) : (C2 x C2)))",32
1536,408526576,"C2 x C2 x C2 x (((C2 x Q8) : C2) x S3)",16
1536,408526577,"C2 x C2 x C2 x C2 x (C3 : ((C2 x Q8) : C2))",32
1536,408526583,"C2 x (((C2 x ((C2 x C2 x C2) : (C2 x C2))) : C2) x S3)",4
1536,408526585,"C2 x C2 x (C3 : ((C2 x ((C2 x C2 x C2) : (C2 x C2))) : C2))",8
1536,408526586,"C2 x (((C2 x ((C2 x Q8) : C2)) : C2) x S3)",4
1536,408526588,"C2 x C2 x (C3 : ((C2 x ((C2 x Q8) : C2)) : C2))",8
1536,408526594,"C3 : ((C2 x ((C2 x ((C2 x C2 x C2) : (C2 x C2))) : C2)) : C2)",2
1536,408526596,"C3 : ((C2 x ((C2 x ((C2 x Q8) : C2)) : C2)) : C2)",2
1536,408526597,"C2 x C2 x C2 x C2 x C2 x C2 x C2 x C2 x S3",256
1536,408544832,"(((((C2 x ((C4 x C2) : C2)) : C2) : C2) : C2) : C3) : C2",1
1536,408550734,"((((((C4 x C4) : C2) : C2) : C2) : C3) : C2) : C2",1
1536,408555118,"C2 x ((C2 . ((((C4 x C2) : C4) : C3) : C2) = ((C4 . (C4 x C4)) : C3) . C2) : C2)",4
1536,408555120,"C2 x (((((C2 x (C8 : C2)) : C2) : C2) : C3) : C2)",4
1536,408555262,"(C2 x C2) . (C2 x ((((C2 x C2 x C2 x C2) : C2) : C3) : C2)) = ((((C2 x Q8) : C2) : C2) : C3) . (C2 x C2 x C2)",4
1536,408557361,"S4 x D64",2
1536,408557368,"S4 x Q64",2
1536,408585150,"C2 x C2 x ((((C2 x ((C4 x C2) : C2)) : C2) : C3) : C2)",8
1536,408585582,"C2 x C2 x (C2 . ((((C2 x C2 x C2 x C2) : C2) : C3) : C2) = ((C2 x C2 x Q8) : C3) . (C2 x C2))",8
1536,408594201,"(C2 x ((((C2 x ((C4 x C2) : C2)) : C2) : C3) : C2)) : C2",2
1536,408594285,"(((((C2 x ((C4 x C2) : C2)) : C2) : C3) : C2) : C2) : C2",2
1536,408598324,"(((((C4 x C2) : Q8) : C3) : C2) : C2) : C2",2
1536,408598399,"(((((C4 x C2) : Q8) : C3) : C2) : C2) : C2",2
1536,408598440,"D8 x ((((C2 x C2 x C2 x C2) : C2) : C3) : C2)",2
1536,408598443,"D8 x ((((C4 x C4) : C2) : C3) : C2)",2
1536,408607491,"Q8 x ((((C2 x C2 x C2 x C2) : C2) : C3) : C2)",2
1536,408609037,"Q8 x ((((C4 x C4) : C2) : C3) : C2)",2
1536,408616110,"S4 x ((C8 : (C2 x C2)) : C2)",2
1536,408616131,"S4 x (((C2 x Q8) : C2) : C2)",2
1536,408616173,"S4 x (((C2 x C2 x C2 x C2) : C2) : C2)",2
1536,408616184,"C2 x (((C2 . (((C2 x C2 x C2 x C2) : C3) : C2) = (((C2 x C2 x C2) : (C2 x C2)) : C3) . C2) : C2) : C2)",4
1536,408616187,"C2 x ((((((C2 x C2 x C2 x C2) : C2) : C2) : C3) : C2) : C2)",4
1536,408619142,"S4 x (((C4 x C4) : C2) : C2)",4
1536,408619159,"S4 x (C4 : Q16)",4
1536,408619452,"S4 x (C8 : Q8)",4
1536,408620592,"D16 x ((C2 . S4 = SL(2;3) . C2) : C2)",4
1536,408620616,"D16 x ((((C4 x C2) : C2) : C3) : C2)",4
1536,408620724,"Q16 x ((C2 . S4 = SL(2;3) . C2) : C2)",4
1536,408620748,"Q16 x ((((C4 x C2) : C2) : C3) : C2)",4
1536,408625032,"C2 x S4 x D32",4
1536,408625041,"C2 x S4 x Q32",4
1536,408625073,"((((((C8 x C2) : C2) : C3) : C2) : C2) : C2) : C2",2
1536,408625075,"((((((C8 x C2) : C2) : C3) : C2) : C2) : C2) : C2",2
1536,408634200,"C2 x C2 x C2 x ((((C2 x C2 x C2 x C2) : C2) : C3) : C2)",8
1536,408634201,"C2 x (S4 x ((C2 x C2 x C2 x C2) : C2))",8
1536,408634478,"C2 x C2 x C2 x ((((C4 x C4) : C2) : C3) : C2)",8
1536,408634479,"C2 x (S4 x ((C4 x C4) : C2))",8
1536,408634491,"C2 x (S4 x (C4 : Q8))",8
1536,408634973,"S4 x D8 x D8",4
1536,408635005,"S4 x D8 x Q8",4
1536,408635223,"C2 x (D8 x ((C2 . S4 = SL(2;3) . C2) : C2))",8
1536,408635241,"C2 x (D8 x ((((C4 x C2) : C2) : C3) : C2))",8
1536,408635617,"S4 x Q8 x Q8",4
1536,408635627,"C2 x (Q8 x ((C2 . S4 = SL(2;3) . C2) : C2))",8
1536,408635666,"C2 x (((((C4 x C2) : C2) : C3) : C2) x Q8)",8
1536,408636679,"(C2 x (((C2 x (C2 . S4 = SL(2;3) . C2)) : C2) : C2)) : C2",4
1536,408636689,"(C2 x (((C2 x GL(2;3)) : C2) : C2)) : C2",4
1536,408636731,"(C2 x (((C2 x GL(2;3)) : C2) : C2)) : C2",4
1536,408636733,"(C2 x ((((((C4 x C2) : C2) : C3) : C2) : C2) : C2)) : C2",4
1536,408636766,"((Q8 x GL(2;3)) : C2) : C2",4
1536,408639452,"C2 x C2 x S4 x D16",8
1536,408639461,"C2 x C2 x S4 x Q16",8
1536,408639488,"S4 x (((C2 x C2 x C2) : (C2 x C2)) : C2)",2
1536,408639504,"S4 x (((C2 x Q8) : C2) : C2)",2
1536,408639510,"C2 x (((((((C4 x C2) : C2) : C3) : C2) : C2) : C2) : C2)",4
1536,408639512,"C2 x (((((((C4 x C2) : C2) : C3) : C2) : C2) : C2) : C2)",4
1536,408640920,"C2 x C2 x C2 x S4 x D8",16
1536,408640926,"C2 x C2 x C2 x S4 x Q8",16
1536,408640929,"C2 x C2 x C2 x C2 x ((C2 . S4 = SL(2;3) . C2) : C2)",32
1536,408640931,"C2 x C2 x C2 x C2 x ((((C4 x C2) : C2) : C3) : C2)",32
1536,408640939,"C2 x (S4 x ((C2 x C2 x C2) : (C2 x C2)))",4
1536,408640946,"C2 x (S4 x ((C2 x Q8) : C2))",4
1536,408640950,"C2 x C2 x ((C2 x ((((C4 x C2) : C2) : C3) : C2)) : C2)",8
1536,408640951,"C2 x C2 x ((((((C4 x C2) : C2) : C3) : C2) : C2) : C2)",8
1536,408640963,"(C2 x ((C2 x ((((C4 x C2) : C2) : C3) : C2)) : C2)) : C2",2
1536,408640964,"(C2 x ((((((C4 x C2) : C2) : C3) : C2) : C2) : C2)) : C2",2
1536,408641059,"C2 x C2 x C2 x C2 x C2 x C2 x S4",64
